1.0,0.7388632893562317,0.48003071546554565,0.27496159076690674,0.19431643187999725,0.35407066345214844,0.3740399479866028,0.4815668165683746,0.4278033673763275,0.43701997399330134,0.4508448541164398,0.41090628504753113,0.46313363313674927,0.4385560750961304,0.42396312952041626,0.4285714328289032,0.4116743505001068,0.503072202205658,0.43778800964355463,0.39324116706848145,0.41397848725318903,0.41935482621192927,0.4815668165683746,0.4777265787124634,0.4777265787124634,0.5637480616569519,0.5053763389587401,0.5522273182868958,0.5860214829444885,0.6144393086433411,0.6635944843292236,0.5668202638626099,0.6797235012054443,0.6351766586303711,0.5913978219032288,0.617511510848999,0.5683563947677612,0.6121351718902588,0.5299538969993591,0.4823348820209503,0.4769585132598877,0.4485407173633576,0.49155145883560175,0.4301075339317322,0.4093702137470245,0.4331797361373901,0.3632872402667999,0.4224270284175873,0.41090628504753113,0.37250384688377375,0.44777265191078186,0.36789554357528687,0.43087556958198553,0.35176652669906616,0.3494623601436615,0.36943164467811584,0.2718893885612488,0.33102917671203613,0.2772657573223114,0.29646697640419006,0.33717358112335205,0.3732718825340271,0.3609831035137177,0.35253456234931946,0.35944700241088867,0.4208909273147583,0.3886328637599945,0.44316434860229487,0.3786482214927673,0.39400920271873474,0.3771121203899384,0.33102917671203613,0.37250384688377375,0.2841781973838806,0.3164362609386444,0.3325652778148651,0.29109063744544983,0.3341013789176941,0.2534562349319458,0.2972350120544433,0.27419355511665344,0.25038403272628784,0.3271889388561249,0.22657449543476105,0.21812595427036283,0.23963133990764615,0.14823348820209503,0.16436251997947693,0.2649769484996796,0.6482334733009337,0.918586790561676,0.6006144285202025,0.3847926259040833,0.151305690407753,0.0,0.014592934399843216,0.02073732763528824,0.1259600669145584,0.11213517934083939,0.1743471622467041,0.16205836832523343,0.18586789071559903,0.22657449543476105,0.1651305705308914,0.2211981564760208,0.28110599517822266,0.2373271882534027,0.36635944247245783,0.28187403082847595,0.0,0.0,0.0,0.0,0.0,0.0,0.0,0.0,0.0,0.0,0.0,0.0,0.0,0.0,0.0,0.0,0.0,0.0,0.0,0.0,0.0,0.0,0.0,0.0,0.0,0.0,0.0,0.0,0.0,0.0,0.0,0.0,0.0,0.0,0.0,0.0,0.0,0.0,0.0,0.0,0.0,0.0,0.0,0.0,0.0,0.0,0.0,0.0,0.0,0.0,0.0,0.0,0.0,0.0,0.0,0.0,0.0,0.0,0.0,0.0,0.0,0.0,0.0,0.0,0.0,0.0,0.0,0.0,0.0,0.0,0.0,0.0,0.0,0.0,0.0,0.0,0.0,0.0,1.0
1.0,0.4647368490695953,0.2605263292789459,0.2647368311882019,0.36052632331848145,0.4089473783969879,0.4226315915584564,0.4284210503101349,0.4142105281352997,0.4310526251792908,0.4394736886024475,0.45473682880401606,0.46052631735801697,0.45789474248886103,0.4826315641403198,0.48684209585189814,0.5010526180267334,0.5136842131614685,0.5184210538864136,0.5426315665245056,0.5394737124443054,0.5557894706726073,0.5505263209342957,0.522631585597992,0.5215789675712585,0.48473682999610895,0.46263158321380615,0.4368421137332916,0.38947367668151855,0.37842103838920593,0.343684196472168,0.3447368443012237,0.32842105627059937,0.30421051383018494,0.30631577968597407,0.3052631616592407,0.3052631616592407,0.3000000119209289,0.2915789484977722,0.2957894802093506,0.2963157892227173,0.3078947365283966,0.3194736838340759,0.33210524916648865,0.3389473557472229,0.33157894015312195,0.3573684096336365,0.3068421185016632,0.3447368443012237,0.3673684298992157,0.343684196472168,0.3000000119209289,0.27000001072883606,0.232631579041481,0.23526315391063687,0.22263157367706296,0.2236842066049576,0.21789473295211792,0.19421052932739255,0.2173684239387512,0.20157894492149356,0.20578947663307187,0.2094736844301224,0.193157896399498,0.21315789222717285,0.203157901763916,0.20263157784938807,0.21684210002422327,0.1899999976158142,0.21368421614170077,0.20789474248886108,0.21631579101085663,0.21210525929927823,0.19947367906570437,0.21578946709632876,0.2094736844301224,0.20999999344348907,0.21052631735801697,0.205263152718544,0.21315789222717285,0.2073684185743332,0.19473683834075928,0.07842105627059937,0.0,0.3631578981876373,0.8036842346191406,0.5684210658073425,0.29842105507850647,0.1968421041965485,0.28421053290367126,0.3131578862667084,0.3389473557472229,0.3405263125896454,0.3305263221263885,0.35894736647605896,0.3631578981876373,0.3642105162143707,0.37421053647995,0.37421053647995,0.38999998569488525,0.39894735813140875,0.3963157832622528,0.4184210598468781,0.42421051859855646,0.0,0.0,0.0,0.0,0.0,0.0,0.0,0.0,0.0,0.0,0.0,0.0,0.0,0.0,0.0,0.0,0.0,0.0,0.0,0.0,0.0,0.0,0.0,0.0,0.0,0.0,0.0,0.0,0.0,0.0,0.0,0.0,0.0,0.0,0.0,0.0,0.0,0.0,0.0,0.0,0.0,0.0,0.0,0.0,0.0,0.0,0.0,0.0,0.0,0.0,0.0,0.0,0.0,0.0,0.0,0.0,0.0,0.0,0.0,0.0,0.0,0.0,0.0,0.0,0.0,0.0,0.0,0.0,0.0,0.0,0.0,0.0,0.0,0.0,0.0,0.0,0.0,0.0,0.0,0.0,0.0,0.0,0.0,1.0
0.9191489219665528,0.851063847541809,0.6323404312133789,0.30468085408210754,0.1212765946984291,0.12936170399188995,0.04085106402635574,0.01702127605676651,0.01702127605676651,0.0,0.0008510638144798576,0.011063829995691776,0.002978723496198654,0.01702127605676651,0.024680851027369496,0.0302127655595541,0.04553191363811493,0.029361702501773838,0.05659574642777442,0.059148937463760376,0.07617021352052689,0.08510638028383255,0.0940425544977188,0.11319149285554884,0.13063830137252808,0.15063829720020294,0.17489361763000488,0.19446808099746704,0.21999999880790713,0.2246808558702469,0.23361702263355252,0.25063830614089966,0.2425531893968582,0.23872339725494385,0.231489360332489,0.2123404294252396,0.1931914836168289,0.17148935794830322,0.16808511316776276,0.13021276891231537,0.13404254615306854,0.11191489547491072,0.10382978618144988,0.1102127656340599,0.11191489547491072,0.10127659887075424,0.11702127754688262,0.11702127754688262,0.11659574508666992,0.11106383055448532,0.11276596039533617,0.11999999731779099,0.11659574508666992,0.10808510333299635,0.11787234246730804,0.11489361524581908,0.1212765946984291,0.11234042793512344,0.11319149285554884,0.12382978945970537,0.11404255032539368,0.10127659887075424,0.10765957087278366,0.10723404586315156,0.10127659887075424,0.10851063579320908,0.11446808278560638,0.11148936301469801,0.11148936301469801,0.10936170071363448,0.11404255032539368,0.11872340738773345,0.11787234246730804,0.11957446485757828,0.11446808278560638,0.11319149285554884,0.11276596039533617,0.11702127754688262,0.1157446801662445,0.11106383055448532,0.1153191477060318,0.11744681000709532,0.11319149285554884,0.11446808278560638,0.10893616825342178,0.12042552977800368,0.11361701786518096,0.1106382980942726,0.11106383055448532,0.10723404586315156,0.11404255032539368,0.12893617153167725,0.15063829720020294,0.1587233990430832,0.18510638177394864,0.19446808099746704,0.2085106372833252,0.2195744663476944,0.20723403990268707,0.19021277129650116,0.1493616998195648,0.14978723227977753,0.15148936212062836,0.13617020845413208,0.11191489547491072,0.10595744848251341,0.09106382727622986,0.10808510333299635,0.1161702126264572,0.1046808511018753,0.11234042793512344,0.10723404586315156,0.10723404586315156,0.105106383562088,0.21574467420578,0.3914893567562103,0.6378723382949829,1.0,0.9782978892326355,0.7697872519493102,0.462978720664978,0.2646808624267578,0.26723405718803406,0.16638298332691193,0.1327659636735916,0.14212766289710999,0.12808510661125183,0.11787234246730804,0.1208510622382164,0.12510637938976288,0.1272340416908264,0.12510637938976288,0.11702127754688262,0.12893617153167725,0.12425532191991806,0.1451063901185989,0.0,0.0,0.0,0.0,0.0,0.0,0.0,0.0,0.0,0.0,0.0,0.0,0.0,0.0,0.0,0.0,0.0,0.0,0.0,0.0,0.0,0.0,0.0,0.0,0.0,0.0,0.0,0.0,0.0,0.0,0.0,0.0,0.0,0.0,0.0,0.0,0.0,0.0,0.0,0.0,0.0,0.0,0.0,0.0,0.0,0.0,0.0,0.0,0.0,0.0,0.0,1.0
0.9978586435317992,0.5920770764350891,0.3137044906616211,0.039614561945199966,0.11134903877973557,0.12955032289028168,0.18736617267131803,0.2933618724346161,0.3099571764469147,0.34314775466918945,0.3463597297668457,0.3447537422180176,0.37473234534263605,0.3784796595573425,0.3506424129009247,0.3661670088768005,0.38383299112319946,0.3929336071014404,0.4063169062137604,0.41274088621139526,0.4159528911113739,0.4453961551189423,0.4609207808971405,0.4534261226654053,0.4732334017753601,0.4534261226654053,0.44860813021659846,0.42291221022605896,0.409528911113739,0.38383299112319946,0.38115632534027094,0.3763383328914642,0.3768736720085144,0.3533190488815308,0.39989292621612554,0.39828693866729736,0.41327622532844543,0.4009636044502258,0.4448608160018921,0.4544968008995056,0.429871529340744,0.4544968008995056,0.4657387435436249,0.49678799510002136,0.5455031991004944,0.552997887134552,0.5637044906616211,0.602783739566803,0.6423982977867126,0.6258029937744141,0.659528911113739,0.6322270035743712,0.5819057822227478,0.5396145582199097,0.5037473440170288,0.4684154093265533,0.44271948933601374,0.4325481653213501,0.4041755795478821,0.39721626043319697,0.41274088621139526,0.39882227778434753,0.40578159689903254,0.37526765465736395,0.39346894621849055,0.3854389786720276,0.3763383328914642,0.443254828453064,0.6124197244644165,0.9512848258018493,1.0,0.533725917339325,0.16970022022724152,0.0,0.07226980477571486,0.12955032289028168,0.20503212511539456,0.3426124155521393,0.38811564445495605,0.4084582328796386,0.4197002053260803,0.41274088621139526,0.4271948635578156,0.43736615777015686,0.0,0.0,0.0,0.0,0.0,0.0,0.0,0.0,0.0,0.0,0.0,0.0,0.0,0.0,0.0,0.0,0.0,0.0,0.0,0.0,0.0,0.0,0.0,0.0,0.0,0.0,0.0,0.0,0.0,0.0,0.0,0.0,0.0,0.0,0.0,0.0,0.0,0.0,0.0,0.0,0.0,0.0,0.0,0.0,0.0,0.0,0.0,0.0,0.0,0.0,0.0,0.0,0.0,0.0,0.0,0.0,0.0,0.0,0.0,0.0,0.0,0.0,0.0,0.0,0.0,0.0,0.0,0.0,0.0,0.0,0.0,0.0,0.0,0.0,0.0,0.0,0.0,0.0,0.0,0.0,0.0,0.0,0.0,0.0,0.0,0.0,0.0,0.0,0.0,0.0,0.0,0.0,0.0,0.0,0.0,0.0,0.0,0.0,0.0,0.0,0.0,0.0,0.0,1.0
0.9432623982429504,0.7723404169082642,0.5879432559013367,0.5361701846122742,0.5255318880081177,0.5099290609359741,0.5056737661361694,0.49148935079574574,0.49290779232978815,0.5021276473999025,0.49787235260009766,0.4851063787937164,0.4758865237236023,0.4829787313938141,0.4872340559959412,0.4829787313938141,0.49148935079574574,0.49007090926170344,0.49929079413414,0.4971631169319153,0.49432623386383057,0.4858156144618988,0.4950354695320129,0.49148935079574574,0.48014184832572937,0.46241134405136103,0.4638297855854034,0.458156019449234,0.49290779232978815,0.5,0.5049645304679872,0.5134751796722412,0.5134751796722412,0.5113475322723389,0.5063830018043518,0.5099290609359741,0.5,0.49219858646392817,0.4893617033958435,0.5078014135360718,0.4985815584659576,0.5134751796722412,0.521276593208313,0.5248227119445801,0.5255318880081177,0.5177304744720458,0.5255318880081177,0.521276593208313,0.5219858288764954,0.5283687710762024,0.5255318880081177,0.5248227119445801,0.5262411236763,0.5198581814765929,0.5141844153404236,0.5148935914039612,0.5070921778678894,0.5191489458084105,0.5219858288764954,0.521276593208313,0.5170212984085083,0.5226950645446777,0.5099290609359741,0.5120567083358765,0.5170212984085083,0.5156028270721436,0.5134751796722412,0.5148935914039612,0.5170212984085083,0.5226950645446777,0.5375886559486389,0.5489361882209778,0.585106372833252,0.6042553186416626,0.6205673813819885,0.6517730355262756,0.651063859462738,0.6156028509140015,0.6042553186416626,0.5602836608886719,0.5453900694847107,0.5319148898124695,0.5255318880081177,0.46453902125358576,0.44184398651123047,0.4588652551174164,0.46312057971954346,0.46312057971954346,0.4638297855854034,0.49432623386383057,0.4865248203277588,0.47801417112350464,0.49787235260009766,0.4829787313938141,0.47446808218955994,0.48226949572563166,0.457446813583374,0.4546099305152893,0.41063830256462097,0.19007092714309687,0.0,0.49929079413414,1.0,0.6425532102584839,0.7531914710998534,0.8836879730224609,0.6836879253387451,0.5666666626930237,0.5198581814765929,0.5156028270721436,0.4843971729278565,0.49078014492988586,0.4765957593917847,0.49148935079574574,0.48794326186180115,0.49432623386383057,0.5028368830680847,0.48226949572563166,0.46666666865348816,0.4751773178577423,0.4695035517215729,0.4758865237236023,0.0,0.0,0.0,0.0,0.0,0.0,0.0,0.0,0.0,0.0,0.0,0.0,0.0,0.0,0.0,0.0,0.0,0.0,0.0,0.0,0.0,0.0,0.0,0.0,0.0,0.0,0.0,0.0,0.0,0.0,0.0,0.0,0.0,0.0,0.0,0.0,0.0,0.0,0.0,0.0,0.0,0.0,0.0,0.0,0.0,0.0,0.0,0.0,0.0,0.0,0.0,0.0,0.0,0.0,0.0,0.0,0.0,0.0,0.0,0.0,0.0,0.0,0.0,0.0,0.0,1.0
1.0,0.8795233964920045,0.37334510684013367,0.2405119091272354,0.14121800661087036,0.12533098459243774,0.21094439923763275,0.19152691960334775,0.18623124063014984,0.204766109585762,0.18490733206272125,0.21932920813560483,0.20388349890708923,0.2122683078050613,0.22683142125606537,0.19991174340248108,0.22153574228286743,0.21359223127365112,0.1950573772192001,0.22859664261341092,0.19549867510795596,0.21888791024684903,0.1994704306125641,0.19549867510795596,0.22374227643013,0.17608119547367096,0.1884377747774124,0.15842895209789276,0.14298322796821594,0.12312445044517516,0.08693733811378479,0.061782877892255776,0.0432480126619339,0.026919681578874588,0.03133274614810944,0.0,0.04501323774456978,0.07149161398410797,0.09620476514101027,0.1306266486644745,0.14210061728954315,0.17740511894226074,0.18534862995147705,0.1972638964653015,0.2219770550727844,0.2056487202644348,0.21491615474224088,0.23300971090793607,0.22418358922004697,0.23212710022926328,0.22815534472465515,0.23874668776988983,0.24977934360504153,0.2511032521724701,0.2603707015514374,0.23609885573387143,0.2502206563949585,0.2577228546142578,0.25860548019409174,0.2687555253505707,0.2400706112384796,0.25375109910964966,0.2603707015514374,0.2506619691848755,0.25860548019409174,0.2312444895505905,0.2466901987791061,0.24977934360504153,0.23830538988113403,0.2515445649623871,0.23433363437652588,0.24227714538574216,0.2466901987791061,0.2391880005598068,0.25330978631973267,0.22594881057739255,0.2466901987791061,0.2409532219171524,0.24227714538574216,0.2444836646318436,0.2400706112384796,0.26566636562347407,0.29964694380760193,0.31288614869117737,0.33230361342430115,0.30714917182922363,0.34245365858078,0.3596646189689636,0.3534863293170929,0.3640776574611664,0.3005295693874359,0.276699036359787,0.24315975606441495,0.22065313160419464,0.2312444895505905,0.20388349890708923,0.21800529956817624,0.21932920813560483,0.2074139416217804,0.22506619989871976,0.20035304129123688,0.15975287556648254,0.09841129928827283,0.14033539593219757,0.485436886548996,0.9276257753372192,0.9964695572853088,0.4969108700752258,0.276699036359787,0.17961165308952332,0.12797881662845612,0.19858781993389127,0.2074139416217804,0.21270962059497836,0.22418358922004697,0.20432479679584503,0.21977052092552185,0.2228596657514572,0.22109444439411163,0.2316857874393463,0.21050308644771573,0.23036186397075653,0.23300971090793607,0.22903795540332797,0.2246248871088028,0.2074139416217804,0.2263901084661484,0.22506619989871976,0.21182700991630557,0.0,0.0,0.0,0.0,0.0,0.0,0.0,0.0,0.0,0.0,0.0,0.0,0.0,0.0,0.0,0.0,0.0,0.0,0.0,0.0,0.0,0.0,0.0,0.0,0.0,0.0,0.0,0.0,0.0,0.0,0.0,0.0,0.0,0.0,0.0,0.0,0.0,0.0,0.0,0.0,0.0,0.0,0.0,0.0,0.0,0.0,0.0,0.0,0.0,0.0,0.0,0.0,0.0,0.0,0.0,0.0,0.0,0.0,1.0
1.0,0.47756686806678766,0.073339082300663,0.025452977046370503,0.0,0.05047454684972763,0.10655737668275832,0.1100086271762848,0.10785159468650816,0.12338222563266754,0.11820534616708755,0.13028472661972043,0.13761863112449646,0.15444348752498627,0.160483181476593,0.15228645503520963,0.167817085981369,0.1635030210018158,0.1807592809200287,0.19887834787368772,0.2139775604009628,0.21484038233757016,0.2290767878293991,0.24503882229328156,0.25280413031578064,0.24676445126533508,0.27437445521354675,0.2873166501522064,0.2704918086528778,0.2778257131576538,0.2536669671535492,0.24460741877555847,0.235979288816452,0.22217428684234616,0.1906816214323044,0.19111302495002744,0.20362381637096405,0.1609145849943161,0.1704055219888687,0.1535806655883789,0.160483181476593,0.14236409962177277,0.14408972859382627,0.14106988906860352,0.167817085981369,0.15703192353248596,0.17169974744319916,0.16479723155498505,0.17256255447864532,0.1833477169275284,0.1807592809200287,0.17730802297592163,0.17730802297592163,0.1682484894990921,0.1630716174840927,0.15746332705020905,0.16911129653453827,0.15314926207065582,0.15228645503520963,0.15918895602226257,0.16264021396636963,0.15918895602226257,0.14452113211154935,0.14969801902770996,0.15660052001476288,0.15746332705020905,0.19111302495002744,0.2247627228498459,0.24245038628578183,0.2338222563266754,0.22993960976600647,0.2433132082223892,0.24719585478305817,0.24245038628578183,0.2066436558961868,0.1924072504043579,0.16867989301681519,0.15228645503520963,0.1315789520740509,0.13718722760677335,0.13287316262722015,0.1268334835767746,0.10396894067525864,0.13330456614494324,0.12640206515789032,0.11518550664186476,0.13503019511699677,0.11906816065311432,0.12985332310199735,0.24374461174011233,0.43442621827125544,0.6773080229759216,0.975841224193573,0.7208800911903381,0.20836928486824036,0.0707506462931633,0.010353753343224524,0.06255392730236053,0.1095772236585617,0.12553925812244415,0.13934426009655,0.15444348752498627,0.14754098653793335,0.16134598851203918,0.0,0.0,0.0,0.0,0.0,0.0,0.0,0.0,0.0,0.0,0.0,0.0,0.0,0.0,0.0,0.0,0.0,0.0,0.0,0.0,0.0,0.0,0.0,0.0,0.0,0.0,0.0,0.0,0.0,0.0,0.0,0.0,0.0,0.0,0.0,0.0,0.0,0.0,0.0,0.0,0.0,0.0,0.0,0.0,0.0,0.0,0.0,0.0,0.0,0.0,0.0,0.0,0.0,0.0,0.0,0.0,0.0,0.0,0.0,0.0,0.0,0.0,0.0,0.0,0.0,0.0,0.0,0.0,0.0,0.0,0.0,0.0,0.0,0.0,0.0,0.0,0.0,0.0,0.0,0.0,0.0,0.0,0.0,1.0
0.9935064911842345,1.0,0.9285714030265808,0.8246753215789795,0.75,0.5275974273681641,0.3636363744735718,0.22077922523021695,0.18506494164466855,0.1363636404275894,0.06818182021379471,0.04383116960525513,0.0,0.011363636702299118,0.06168831139802933,0.04058441519737244,0.0714285746216774,0.06331168860197067,0.0892857164144516,0.12987013161182404,0.1363636404275894,0.13311688601970673,0.15584415197372437,0.14610388875007627,0.17370130121707916,0.13149350881576538,0.09902597218751907,0.1006493493914604,0.1639610379934311,0.1574675291776657,0.13474026322364807,0.15909090638160703,0.1396103948354721,0.14935064315795898,0.13474026322364807,0.12987013161182404,0.11525973677635191,0.11525973677635191,0.10227272659540176,0.09740259498357773,0.09577921777963638,0.05681818351149559,0.09740259498357773,0.07792207598686218,0.06493506580591202,0.09902597218751907,0.09090909361839294,0.04545454680919647,0.048701297491788864,0.04707792028784752,0.030844155699014664,0.021103896200656887,0.01461038924753666,0.008116883225739002,0.024350648745894432,0.07629869878292084,0.10876623541116714,0.2678571343421936,0.38961037993431086,0.3538961112499237,0.44967532157897944,0.5016233921051024,0.43668830394744873,0.27272728085517883,0.0,0.0,0.0,0.0,0.0,0.0,0.0,0.0,0.0,0.0,0.0,0.0,0.0,0.0,0.0,0.0,0.0,0.0,0.0,0.0,0.0,0.0,0.0,0.0,0.0,0.0,0.0,0.0,0.0,0.0,0.0,0.0,0.0,0.0,0.0,0.0,0.0,0.0,0.0,0.0,0.0,0.0,0.0,0.0,0.0,0.0,0.0,0.0,0.0,0.0,0.0,0.0,0.0,0.0,0.0,0.0,0.0,0.0,0.0,0.0,0.0,0.0,0.0,0.0,0.0,0.0,0.0,0.0,0.0,0.0,0.0,0.0,0.0,0.0,0.0,0.0,0.0,0.0,0.0,0.0,0.0,0.0,0.0,0.0,0.0,0.0,0.0,0.0,0.0,0.0,0.0,0.0,0.0,0.0,0.0,0.0,0.0,0.0,0.0,0.0,0.0,0.0,0.0,0.0,0.0,0.0,0.0,0.0,0.0,0.0,0.0,0.0,0.0,0.0,0.0,0.0,0.0,0.0,0.0,0.0,0.0,0.0,0.0,1.0
1.0,0.9803921580314637,0.5882353186607361,0.269394725561142,0.1398124396800995,0.4006820023059845,0.52173912525177,0.5515771508216858,0.5942028760910033,0.5814151763916016,0.5865302681922913,0.5831202268600464,0.5831202268600464,0.6189258098602295,0.6027280688285828,0.6189258098602295,0.5950554013252257,0.5907928347587585,0.6283034682273865,0.6104006767272949,0.6359761357307434,0.6189258098602295,0.6129582524299622,0.6427962779998779,0.6214833855628967,0.6666666865348816,0.6649616360664368,0.6479113101959229,0.695652186870575,0.6828644275665283,0.7016198039054872,0.6922420859336853,0.676896870136261,0.6999147534370422,0.6837169528007507,0.7246376872062683,0.6982097029685974,0.6683716773986816,0.669224202632904,0.6138107180595398,0.6240409016609192,0.5780051350593567,0.5609548091888428,0.572890043258667,0.5473145842552185,0.5797101259231567,0.5686274766921997,0.5379369258880615,0.5788576006889343,0.5302642583847046,0.56351238489151,0.5464620590209961,0.5541347265243529,0.5541347265243529,0.5277067422866821,0.5609548091888428,0.540494441986084,0.5234441757202148,0.5490196347236633,0.5140665173530579,0.540494441986084,0.52173912525177,0.5652173757553101,0.6334185600280762,0.625745952129364,0.6393861770629883,0.669224202632904,0.6811594367027283,0.653878927230835,0.5805626511573792,0.5993179678916931,0.5430520176887512,0.5242967009544373,0.5063938498497009,0.4629155993461609,0.4884910583496094,0.4808184206485748,0.4543904662132263,0.47826087474823,0.44330775737762446,0.4833759665489197,0.47655585408210754,0.4526854157447815,0.4134697318077088,0.3333333432674408,0.5038363337516785,0.8448422551155089,0.8064790964126587,0.4364876449108124,0.05967604368925095,0.0,0.251491904258728,0.40579709410667414,0.45012786984443665,0.4347825944423676,0.4654731452465057,0.4586530327796936,0.4526854157447815,0.4799658954143524,0.4518329203128815,0.4961636960506439,0.48763853311538696,0.4808184206485748,0.0,0.0,0.0,0.0,0.0,0.0,0.0,0.0,0.0,0.0,0.0,0.0,0.0,0.0,0.0,0.0,0.0,0.0,0.0,0.0,0.0,0.0,0.0,0.0,0.0,0.0,0.0,0.0,0.0,0.0,0.0,0.0,0.0,0.0,0.0,0.0,0.0,0.0,0.0,0.0,0.0,0.0,0.0,0.0,0.0,0.0,0.0,0.0,0.0,0.0,0.0,0.0,0.0,0.0,0.0,0.0,0.0,0.0,0.0,0.0,0.0,0.0,0.0,0.0,0.0,0.0,0.0,0.0,0.0,0.0,0.0,0.0,0.0,0.0,0.0,0.0,0.0,0.0,0.0,0.0,0.0,0.0,0.0,0.0,1.0
1.0,0.3747314214706421,0.06145251542329788,0.0,0.048130638897418976,0.09368285536766051,0.1134507954120636,0.11559948325157164,0.1538461595773697,0.1310700476169586,0.15298667550086975,0.15470562875270844,0.15599484741687775,0.17232488095760343,0.17576278746128082,0.1817791163921356,0.18693597614765167,0.20154705643653867,0.20068758726119995,0.2178770899772644,0.23936398327350616,0.24108293652534485,0.22733132541179657,0.2780404090881348,0.27847012877464294,0.28448647260665894,0.2922217547893524,0.2943704426288605,0.2973785996437073,0.2849161922931671,0.2819080352783203,0.2595616579055786,0.22174473106861117,0.22518263757228849,0.2088526040315628,0.18521702289581296,0.17576278746128082,0.1688869744539261,0.1538461595773697,0.1478298306465149,0.16587881743907928,0.15728405117988586,0.15728405117988586,0.1641598641872406,0.16501933336257935,0.18521702289581296,0.19424150884151456,0.18521702289581296,0.20842286944389343,0.19123335182666776,0.19424150884151456,0.19424150884151456,0.18306833505630493,0.18650622665882113,0.1701761931180954,0.17877094447612762,0.1701761931180954,0.17791147530078888,0.1714654117822647,0.1800601631402969,0.20541469752788544,0.24709926545619965,0.23936398327350616,0.24323162436485288,0.23420713841915128,0.26772668957710266,0.2505371868610382,0.2191663086414337,0.2161581367254257,0.1744735687971115,0.17662225663661957,0.14224323630332947,0.1267726719379425,0.14052428305149078,0.14267297089099884,0.12892135977745056,0.13364847004413605,0.1327890008687973,0.149119034409523,0.13536742329597473,0.15083798766136167,0.12763214111328125,0.23506660759449005,0.4224323034286499,0.6304254531860352,0.9596046209335328,0.8500214815139769,0.2715943157672882,0.08809626102447508,0.014611086808145046,0.06617963314056396,0.1327890008687973,0.14740008115768433,0.1628706455230713,0.16587881743907928,0.1744735687971115,0.1714654117822647,0.1684572398662567,0.18951439857482913,0.19209282100200653,0.20541469752788544,0.21014180779457087,0.21143102645874023,0.22260421514511108,0.0,0.0,0.0,0.0,0.0,0.0,0.0,0.0,0.0,0.0,0.0,0.0,0.0,0.0,0.0,0.0,0.0,0.0,0.0,0.0,0.0,0.0,0.0,0.0,0.0,0.0,0.0,0.0,0.0,0.0,0.0,0.0,0.0,0.0,0.0,0.0,0.0,0.0,0.0,0.0,0.0,0.0,0.0,0.0,0.0,0.0,0.0,0.0,0.0,0.0,0.0,0.0,0.0,0.0,0.0,0.0,0.0,0.0,0.0,0.0,0.0,0.0,0.0,0.0,0.0,0.0,0.0,0.0,0.0,0.0,0.0,0.0,0.0,0.0,0.0,0.0,0.0,0.0,0.0,0.0,0.0,0.0,0.0,1.0
0.9656593203544616,0.401098906993866,0.29716116189956665,0.0,0.011904762126505373,0.1011904776096344,0.08516483753919601,0.06868132203817368,0.0782967060804367,0.05219780281186104,0.09065934270620346,0.08195970952510834,0.07234432548284529,0.08974359184503555,0.05677655711770058,0.09661172330379486,0.09294871985912323,0.09340659528970718,0.10760073363780975,0.08424908667802809,0.10943223536014555,0.0970695987343788,0.09294871985912323,0.10485348105430604,0.07646520435810089,0.09798534959554672,0.09111721813678739,0.08516483753919601,0.09890110045671464,0.09432234615087508,0.1199633702635765,0.125,0.1295787543058395,0.14560440182685852,0.1190476194024086,0.14102564752101898,0.12820513546466827,0.125,0.13232600688934326,0.11217948794364928,0.1378205120563507,0.1318681389093399,0.125,0.1359890103340149,0.11538461595773696,0.14652015268802643,0.1446886509656906,0.13644689321517944,0.1488095223903656,0.1190476194024086,0.15293040871620178,0.14835165441036224,0.1355311423540115,0.15155677497386932,0.1318681389093399,0.1597985327243805,0.1533882766962051,0.1387362629175186,0.1565934121608734,0.1300366371870041,0.1593406647443771,0.1597985327243805,0.15613552927970886,0.1607142835855484,0.13324175775051117,0.16941392421722412,0.15018315613269803,0.1488095223903656,0.15750916302204132,0.1378205120563507,0.16300366818904877,0.15430402755737305,0.1419413983821869,0.1547619104385376,0.1387362629175186,0.1597985327243805,0.1497252732515335,0.1488095223903656,0.17216117680072784,0.180402934551239,0.21474358439445493,0.21840658783912656,0.21245421469211576,0.2101648300886154,0.19001831114292145,0.19688645005226132,0.1808608025312424,0.16208791732788083,0.1652930378913879,0.14102564752101898,0.14239926636219025,0.13415750861167908,0.13141025602817535,0.14056776463985443,0.12133699655532836,0.14652015268802643,0.3356226980686188,0.4903846085071564,1.0,0.6076007485389708,0.41346153616905207,0.018315019086003304,0.06913919746875763,0.1428571492433548,0.10485348105430604,0.13049450516700745,0.12271062284708024,0.1208791211247444,0.1259157508611679,0.0961538478732109,0.13049450516700745,0.12042124569416046,0.11630036681890488,0.12545788288116455,0.09523809701204303,0.1355311423540115,0.1268315017223358,0.0,0.0,0.0,0.0,0.0,0.0,0.0,0.0,0.0,0.0,0.0,0.0,0.0,0.0,0.0,0.0,0.0,0.0,0.0,0.0,0.0,0.0,0.0,0.0,0.0,0.0,0.0,0.0,0.0,0.0,0.0,0.0,0.0,0.0,0.0,0.0,0.0,0.0,0.0,0.0,0.0,0.0,0.0,0.0,0.0,0.0,0.0,0.0,0.0,0.0,0.0,0.0,0.0,0.0,0.0,0.0,0.0,0.0,0.0,0.0,0.0,0.0,0.0,0.0,0.0,0.0,0.0,0.0,0.0,0.0,1.0
0.9542902708053587,0.517241358757019,0.197273463010788,0.18444266915321353,0.3079390525817871,0.2590216398239136,0.20850040018558505,0.15477144718170166,0.16760224103927612,0.14915798604488373,0.17241379618644714,0.17241379618644714,0.1619887799024582,0.17642341554164886,0.18604651093482968,0.16840417683124542,0.2036888599395752,0.19326382875442505,0.2325581461191177,0.23897354304790497,0.23576584458351132,0.27826783061027527,0.27826783061027527,0.3215717673301697,0.3416198790073395,0.37850841879844666,0.4538893401622772,0.4795509278774261,0.5605453252792358,0.623095452785492,0.6840416789054872,0.7850841879844666,0.8420208692550659,0.8901363015174866,0.8748997449874878,0.8139534592628478,0.7353648543357849,0.5677626132965088,0.4971932768821716,0.35525259375572205,0.2582197189331054,0.23015236854553223,0.1603849232196808,0.15316760540008545,0.13392141461372375,0.10425020009279252,0.13552525639533997,0.1026463508605957,0.11307137459516524,0.10665597766637802,0.09141940623521805,0.13311949372291565,0.10104250162839888,0.051323175430297845,0.0777866914868355,0.10585404932498932,0.13552525639533997,0.11467522382736206,0.1291098594665527,0.12109062075614928,0.10745789855718613,0.13873295485973358,0.10825982689857482,0.12590216100215912,0.12269446998834609,0.09943865239620207,0.12830793857574463,0.09943865239620207,0.11467522382736206,0.10906174778938292,0.08580593764781952,0.11226944625377656,0.08580593764781952,0.1034482792019844,0.09623095393180849,0.07377706468105315,0.11066559702157974,0.07377706468105315,0.09943865239620207,0.09141940623521805,0.07137129455804825,0.1034482792019844,0.07137129455804825,0.08901363611221313,0.08340016007423402,0.06335204839706421,0.09542903304100035,0.06896551698446274,0.08821170777082443,0.07939054071903229,0.06976744532585144,0.09141940623521805,0.07457899302244185,0.08660785853862761,0.09141940623521805,0.06415396928787231,0.10104250162839888,0.07858861237764359,0.08580593764781952,0.09061748534440994,0.10665597766637802,0.16279070079326627,0.15717722475528717,0.1659983992576599,0.21411387622356412,0.250200480222702,0.25421011447906494,0.166800320148468,0.1507618278264999,0.1050521284341812,0.10585404932498932,0.1026463508605957,0.028067361563444138,0.05052125081419945,0.04971932619810104,0.03127506002783775,0.05693664774298668,0.036888532340526574,0.03608660772442818,0.04731355234980583,0.035284683108329766,0.0617481954395771,0.0408981554210186,0.0,0.0978348031640053,0.2894947826862335,0.5244587063789368,0.8035284876823425,1.0,0.5100240707397461,0.14835605025291443,0.1884522885084152,0.3047313690185547,0.0,0.0,0.0,0.0,0.0,0.0,0.0,0.0,0.0,0.0,0.0,0.0,0.0,0.0,0.0,0.0,0.0,0.0,0.0,0.0,0.0,0.0,0.0,0.0,0.0,0.0,0.0,0.0,0.0,0.0,0.0,0.0,0.0,0.0,0.0,0.0,0.0,0.0,0.0,0.0,0.0,0.0,0.0,0.0,0.0,0.0,0.0,0.0,0.0,0.0,0.0,0.0,0.0,0.0,1.0
0.9992010593414306,0.3107856214046478,0.16324900090694427,0.0,0.02210386097431183,0.05086551234126091,0.08575233072042465,0.14620505273342133,0.16697736084461212,0.1802929490804672,0.1749667078256607,0.1808255612850189,0.20026631653308868,0.19201065599918363,0.1984021365642548,0.19653795659542084,0.20399467647075653,0.2101198434829712,0.21571238338947296,0.205592542886734,0.21731024980545044,0.23142476379871368,0.24154460430145264,0.2218375504016876,0.24047936499118805,0.2428761720657349,0.21624501049518585,0.2218375504016876,0.20266310870647433,0.20186418294906616,0.19014647603034973,0.16351531445980072,0.17576564848423004,0.1946737617254257,0.194141149520874,0.18215712904930115,0.1784287542104721,0.20852197706699369,0.21517975628376007,0.19014647603034973,0.19600532948970795,0.19600532948970795,0.22450067102909088,0.1962716430425644,0.22370173037052157,0.2609853446483612,0.2633821666240692,0.2668442130088806,0.2796271741390228,0.3006657660007477,0.2881491482257843,0.2988016009330749,0.3107856214046478,0.2798934876918793,0.2937416732311249,0.24154460430145264,0.22769640386104584,0.20186418294906616,0.19280958175659177,0.19254326820373532,0.2154460698366165,0.17762982845306396,0.18748335540294647,0.16617843508720395,0.16138482093811035,0.18854859471321103,0.17816245555877683,0.1693741679191589,0.20452730357646945,0.20985352993011477,0.34727030992507935,1.0,0.988814890384674,0.2631158530712128,0.08042609691619873,0.026364846155047417,0.05299600586295128,0.08415446430444717,0.10226365178823472,0.1725699007511139,0.18055924773216248,0.1709720343351364,0.19307589530944824,0.20612516999244687,0.17709720134735107,0.0,0.0,0.0,0.0,0.0,0.0,0.0,0.0,0.0,0.0,0.0,0.0,0.0,0.0,0.0,0.0,0.0,0.0,0.0,0.0,0.0,0.0,0.0,0.0,0.0,0.0,0.0,0.0,0.0,0.0,0.0,0.0,0.0,0.0,0.0,0.0,0.0,0.0,0.0,0.0,0.0,0.0,0.0,0.0,0.0,0.0,0.0,0.0,0.0,0.0,0.0,0.0,0.0,0.0,0.0,0.0,0.0,0.0,0.0,0.0,0.0,0.0,0.0,0.0,0.0,0.0,0.0,0.0,0.0,0.0,0.0,0.0,0.0,0.0,0.0,0.0,0.0,0.0,0.0,0.0,0.0,0.0,0.0,0.0,0.0,0.0,0.0,0.0,0.0,0.0,0.0,0.0,0.0,0.0,0.0,0.0,0.0,0.0,0.0,0.0,0.0,0.0,1.0
0.9892578125,0.9970703125,0.9833984375,0.9794921875,0.94921875,0.900390625,0.8544921875,0.810546875,0.7646484375,0.7265625,0.68359375,0.6630859375,0.6591796875,0.6455078125,0.62890625,0.634765625,0.6259765625,0.642578125,0.62890625,0.623046875,0.611328125,0.6083984375,0.6123046875,0.6162109375,0.6044921875,0.60546875,0.6083984375,0.5986328125,0.6240234375,0.58984375,0.5947265625,0.59375,0.5927734375,0.6025390625,0.5927734375,0.6142578125,0.6337890625,0.64453125,0.70703125,0.7373046875,0.7216796875,0.7412109375,0.802734375,0.84765625,0.818359375,0.728515625,0.6748046875,0.6484375,0.6259765625,0.5732421875,0.5810546875,0.5751953125,0.56640625,0.5849609375,0.5673828125,0.4580078125,0.2958984375,0.0,0.060546875,0.4833984375,0.62890625,0.4365234375,0.44921875,0.5302734375,0.525390625,0.646484375,0.6650390625,0.7421875,0.7490234375,0.7568359375,0.7470703125,0.755859375,0.7509765625,0.7607421875,0.7548828125,0.765625,0.7705078125,0.783203125,0.7958984375,0.80078125,0.8154296875,0.830078125,0.837890625,0.888671875,0.88671875,0.9404296875,0.9560546875,0.9638671875,1.0,0.998046875,0.97265625,0.9541015625,0.9208984375,0.8974609375,0.8193359375,0.7626953125,0.732421875,0.716796875,0.6884765625,0.6669921875,0.6533203125,0.642578125,0.64453125,0.654296875,0.6435546875,0.0,0.0,0.0,0.0,0.0,0.0,0.0,0.0,0.0,0.0,0.0,0.0,0.0,0.0,0.0,0.0,0.0,0.0,0.0,0.0,0.0,0.0,0.0,0.0,0.0,0.0,0.0,0.0,0.0,0.0,0.0,0.0,0.0,0.0,0.0,0.0,0.0,0.0,0.0,0.0,0.0,0.0,0.0,0.0,0.0,0.0,0.0,0.0,0.0,0.0,0.0,0.0,0.0,0.0,0.0,0.0,0.0,0.0,0.0,0.0,0.0,0.0,0.0,0.0,0.0,0.0,0.0,0.0,0.0,0.0,0.0,0.0,0.0,0.0,0.0,0.0,0.0,0.0,0.0,0.0,0.0,0.0,1.0
1.0,0.8996176123619078,0.456978976726532,0.276290625333786,0.05736137554049492,0.07839388400316238,0.0630975142121315,0.07456979155540465,0.07170172035694121,0.0726577416062355,0.11281070858240128,0.1070745661854744,0.09847036004066467,0.12906309962272644,0.12332695722579956,0.13193117082118988,0.13479924201965332,0.13957935571670532,0.14818355441093445,0.154875710606575,0.18451242148876193,0.1950286775827408,0.20363289117813113,0.23135755956172943,0.29349905252456665,0.28871893882751465,0.3068833649158478,0.3040153086185456,0.2992351949214936,0.3021032512187958,0.28871893882751465,0.2705544829368592,0.23900572955608368,0.23135755956172943,0.2275334596633911,0.18642447888851163,0.1787762939929962,0.13957935571670532,0.11759082227945328,0.09369024634361267,0.05736137554049492,0.06405353546142578,0.08030592650175095,0.06883364915847777,0.08413001894950865,0.09369024634361267,0.1070745661854744,0.10611854493618011,0.12237093597650528,0.150095596909523,0.12906309962272644,0.135755255818367,0.1462715119123459,0.130975142121315,0.10898661613464355,0.12237093597650528,0.11281070858240128,0.10898661613464355,0.09560229629278184,0.0678776279091835,0.08317399770021439,0.07839388400316238,0.05162524059414864,0.05258126184344292,0.043977055698633194,0.043977055698633194,0.03632887080311775,0.038240917026996606,0.02772466465830803,0.0133843207731843,0.017208412289619442,0.01816443540155888,0.0,0.012428298592567444,0.0,0.0267686415463686,0.04588910192251205,0.046845123171806335,0.016252389177680016,0.024856597185134888,0.03346080332994461,0.044933076947927475,0.04302103072404861,0.03919694200158119,0.034416824579238885,0.03346080332994461,0.044933076947927475,0.09560229629278184,0.159655824303627,0.1950286775827408,0.271510511636734,0.33747610449790955,0.3154875636100769,0.242829829454422,0.21701720356941223,0.13671128451824188,0.10038240998983385,0.0487571693956852,0.034416824579238885,0.014340343885123728,0.041108988225460046,0.03346080332994461,0.0,0.0,0.0,0.0,0.0,0.0,0.0,0.0,0.0,0.0,0.0,0.0,0.0,0.0,0.0,0.0,0.0,0.0,0.0,0.0,0.0,0.0,0.0,0.0,0.0,0.0,0.0,0.0,0.0,0.0,0.0,0.0,0.0,0.0,0.0,0.0,0.0,0.0,0.0,0.0,0.0,0.0,0.0,0.0,0.0,0.0,0.0,0.0,0.0,0.0,0.0,0.0,0.0,0.0,0.0,0.0,0.0,0.0,0.0,0.0,0.0,0.0,0.0,0.0,0.0,0.0,0.0,0.0,0.0,0.0,0.0,0.0,0.0,0.0,0.0,0.0,0.0,0.0,0.0,0.0,0.0,0.0,0.0,0.0,0.0,1.0
1.0,0.6666666865348816,0.17073170840740204,0.0,0.1222899705171585,0.18292683362960813,0.27540650963783264,0.35873982310295105,0.4247967600822449,0.4413956701755524,0.45088076591491694,0.452235758304596,0.4576558172702789,0.4502032399177551,0.45189702510833746,0.4539295434951782,0.45867207646369934,0.4549458026885986,0.4576558172702789,0.4640921354293823,0.47391599416732794,0.48848238587379456,0.5010162591934204,0.5074525475502014,0.5176151990890503,0.5342140793800354,0.5413278937339783,0.5481029748916626,0.5548780560493469,0.5531842708587646,0.5409891605377197,0.5345528721809387,0.517276406288147,0.5162601470947266,0.5023712515830994,0.5105013847351073,0.5152438879013062,0.5115176439285278,0.5091463327407837,0.5077913403511047,0.5044037699699402,0.5091463327407837,0.5057588219642639,0.5016937851905823,0.5020325183868408,0.506436288356781,0.5084688067436217,0.5260840058326721,0.5484417080879211,0.5565718412399292,0.5643631219863892,0.5609756112098694,0.5308265686035156,0.5098238587379456,0.48373982310295105,0.5128726363182068,0.5128726363182068,0.5027100443840027,0.5091463327407837,0.5077913403511047,0.5115176439285278,0.5125339031219481,0.5132113695144653,0.5118563771247864,0.5094850659370422,0.5182926654815674,0.5386179089546204,0.6697154641151428,0.8008130192756653,0.7913278937339783,0.8472222089767456,0.9048103094100952,0.5558943152427673,0.09247967600822447,0.09383469074964525,0.1927506774663925,0.21815718710422516,0.36856368184089666,0.4247967600822449,0.47865852713584894,0.49254742264747614,0.4966124594211578,0.4969512224197388,0.4989837408065796,0.5037263035774231,0.4989837408065796,0.0,0.0,0.0,0.0,0.0,0.0,0.0,0.0,0.0,0.0,0.0,0.0,0.0,0.0,0.0,0.0,0.0,0.0,0.0,0.0,0.0,0.0,0.0,0.0,0.0,0.0,0.0,0.0,0.0,0.0,0.0,0.0,0.0,0.0,0.0,0.0,0.0,0.0,0.0,0.0,0.0,0.0,0.0,0.0,0.0,0.0,0.0,0.0,0.0,0.0,0.0,0.0,0.0,0.0,0.0,0.0,0.0,0.0,0.0,0.0,0.0,0.0,0.0,0.0,0.0,0.0,0.0,0.0,0.0,0.0,0.0,0.0,0.0,0.0,0.0,0.0,0.0,0.0,0.0,0.0,0.0,0.0,0.0,0.0,0.0,0.0,0.0,0.0,0.0,0.0,0.0,0.0,0.0,0.0,0.0,0.0,0.0,0.0,0.0,0.0,0.0,1.0
0.9471959471702576,0.8284777998924254,0.6897305250167847,0.4741442203521729,0.2268754541873932,0.21522213518619537,0.12126729637384415,0.11325564235448836,0.09941733628511427,0.07938820123672485,0.09286234527826308,0.08302985876798628,0.08994901925325394,0.0797523707151413,0.08230152726173402,0.09504733979701997,0.08193736523389816,0.09759650379419327,0.1019665002822876,0.1103423163294792,0.14348143339157104,0.13292060792446136,0.1758922040462494,0.19118718802928925,0.21267297863960263,0.24945375323295596,0.25855791568756104,0.30808448791503906,0.3313911259174347,0.34595775604248047,0.35032775998115534,0.3262927830219269,0.31536781787872314,0.27021121978759766,0.22906045615673065,0.18973051011562347,0.17079387605190277,0.17552803456783295,0.14129643142223358,0.1489439159631729,0.15258558094501495,0.13911142945289612,0.15986889600753784,0.14457392692565915,0.14530225098133087,0.1536780744791031,0.1267297863960266,0.1496722549200058,0.13292060792446136,0.1340131163597107,0.12891478836536407,0.12527312338352203,0.14020393788814545,0.12308812886476515,0.1365622729063034,0.12490896135568617,0.11871813237667084,0.1110706478357315,0.123452290892601,0.10597231984138487,0.11471230536699296,0.10451565682888032,0.12163146585226058,0.10233066231012344,0.09905316680669785,0.10233066231012344,0.09176984429359437,0.10342316329479216,0.10123816132545473,0.09176984429359437,0.09577567130327223,0.07683903723955153,0.08485069125890733,0.0954115092754364,0.0797523707151413,0.09176984429359437,0.06737072020769119,0.08448652923107147,0.08230152726173402,0.09104151278734209,0.10633648931980132,0.12563729286193848,0.15804806351661682,0.15331390500068665,0.17734886705875397,0.1660597175359726,0.15513473749160767,0.179169699549675,0.1522214114665985,0.11471230536699296,0.0954115092754364,0.07137654721736908,0.06919155269861221,0.06300073117017746,0.053168244659900665,0.05571740865707397,0.0444282591342926,0.05790240317583084,0.0,0.0797523707151413,0.3543335795402527,0.7815003395080566,1.0,0.6478514075279236,0.5356882810592651,0.3018936514854431,0.1711580455303192,0.14202477037906647,0.09359067678451538,0.0797523707151413,0.07064821571111679,0.05680990591645241,0.07356154173612593,0.07210487872362138,0.07028404623270035,0.07174071669578552,0.06117989867925644,0.08084486424922942,0.08157319575548173,0.07574654370546341,0.07938820123672485,0.09832483530044557,0.0,0.0,0.0,0.0,0.0,0.0,0.0,0.0,0.0,0.0,0.0,0.0,0.0,0.0,0.0,0.0,0.0,0.0,0.0,0.0,0.0,0.0,0.0,0.0,0.0,0.0,0.0,0.0,0.0,0.0,0.0,0.0,0.0,0.0,0.0,0.0,0.0,0.0,0.0,0.0,0.0,0.0,0.0,0.0,0.0,0.0,0.0,0.0,0.0,0.0,0.0,0.0,0.0,0.0,0.0,0.0,0.0,0.0,0.0,0.0,0.0,0.0,0.0,0.0,0.0,1.0
0.9950050115585328,0.6423576474189758,0.20379620790481567,0.0009990009712055326,0.1598401665687561,0.18981018662452695,0.10689310729503632,0.10689310729503632,0.13486513495445251,0.09690310060977936,0.10889110714197157,0.14185814559459686,0.13786213099956512,0.13386613130569458,0.1818181872367859,0.1538461595773697,0.15784215927124023,0.15184815227985382,0.15784215927124023,0.1598401665687561,0.1988012045621872,0.14985014498233795,0.1988012045621872,0.22577422857284543,0.26173827052116394,0.2047952115535736,0.23676323890686035,0.2667332589626312,0.2547452449798584,0.23376622796058652,0.2857142984867096,0.22577422857284543,0.1978022009134293,0.1928071975708008,0.23076923191547397,0.16483516991138458,0.13486513495445251,0.13386613130569458,0.1678321659564972,0.1318681389093399,0.1288711279630661,0.1598401665687561,0.16183815896511075,0.16683316230773923,0.19580419361591336,0.16983017325401306,0.16183815896511075,0.18781219422817233,0.2097902148962021,0.15884116291999817,0.18481518328189847,0.23476523160934448,0.18381617963314056,0.2117882072925568,0.20079919695854187,0.1868131905794144,0.16983017325401306,0.1678321659564972,0.18381617963314056,0.20079919695854187,0.23476523160934448,0.1818181872367859,0.1718281656503677,0.19080919027328488,0.17282716929912567,0.15784215927124023,0.14485514163970947,0.16683316230773923,0.1438561379909515,0.1718281656503677,0.18481518328189847,0.21278721094131467,0.14185814559459686,0.16083915531635284,0.27072927355766296,0.30669331550598145,0.2877122759819031,0.3726273775100708,0.2627372741699219,0.3906093835830688,0.288711279630661,0.22577422857284543,0.2717282772064209,0.18381617963314056,0.13886113464832303,0.11688311398029327,0.07492507249116898,0.06793206930160521,0.08291707932949066,0.0559440553188324,0.08691308647394179,0.03996004164218903,0.1178821176290512,0.08291707932949066,0.07692307978868483,0.1678321659564972,0.3546453416347504,0.4735264778137207,0.7132866978645325,1.0,0.7192807197570801,0.1768231838941574,0.0,0.15584415197372437,0.11288711428642272,0.11088911443948744,0.08991008996963502,0.19080919027328488,0.09090909361839294,0.11088911443948744,0.1288711279630661,0.1438561379909515,0.15684315562248227,0.16883116960525513,0.18081918358802795,0.16583415865898132,0.13586413860321045,0.19580419361591336,0.0,0.0,0.0,0.0,0.0,0.0,0.0,0.0,0.0,0.0,0.0,0.0,0.0,0.0,0.0,0.0,0.0,0.0,0.0,0.0,0.0,0.0,0.0,0.0,0.0,0.0,0.0,0.0,0.0,0.0,0.0,0.0,0.0,0.0,0.0,0.0,0.0,0.0,0.0,0.0,0.0,0.0,0.0,0.0,0.0,0.0,0.0,0.0,0.0,0.0,0.0,0.0,0.0,0.0,0.0,0.0,0.0,0.0,0.0,0.0,0.0,0.0,0.0,0.0,0.0,0.0,0.0,0.0,0.0,1.0
0.9870483875274657,0.42467620968818653,0.06884799152612686,0.0,0.05453306064009666,0.17109747231006622,0.19768235087394717,0.21540558338165283,0.20381730794906616,0.22426721453666687,0.1922290325164795,0.22017723321914673,0.21676892042160037,0.1908657103776932,0.2031356543302536,0.2126789391040802,0.22290389239788053,0.2453987747430801,0.24199046194553372,0.2774369418621063,0.2733469605445862,0.29447853565216064,0.306748479604721,0.3401499688625336,0.4021813273429871,0.4274028539657593,0.44376277923583984,0.4792092740535736,0.47989094257354736,0.5187457203865051,0.4792092740535736,0.4805726110935211,0.48466256260871887,0.4376278221607208,0.4096796214580536,0.3558282256126404,0.3224267065525055,0.2808452546596527,0.26584866642951965,0.27062031626701355,0.23858213424682617,0.2603953778743744,0.25085207819938654,0.22017723321914673,0.2256305366754532,0.23381049931049344,0.23858213424682617,0.24608044326305387,0.24608044326305387,0.24676209688186643,0.2522154152393341,0.2583503723144531,0.2685753107070923,0.23721881210803983,0.2760736048221588,0.27198365330696106,0.2426721155643463,0.25153374671936035,0.254260390996933,0.24403545260429385,0.2556237280368805,0.2583503723144531,0.24130879342556,0.23721881210803983,0.26789367198944086,0.28493523597717285,0.29447853565216064,0.323790043592453,0.3319700062274933,0.3687798082828522,0.3285616934299469,0.37832310795784,0.4253578782081604,0.32924336194992065,0.30061349272727966,0.2522154152393341,0.23108384013175964,0.21949556469917297,0.18541240692138672,0.19700068235397336,0.1997273415327072,0.2092706263065338,0.2651669979095459,0.3047034740447998,0.6237218976020813,1.0,0.4621676802635193,0.04430811107158661,0.011588275432586668,0.09406953305006029,0.19154737889766693,0.2092706263065338,0.21676892042160037,0.23040218651294708,0.23108384013175964,0.2222222238779068,0.23040218651294708,0.22699385881423953,0.21949556469917297,0.24062712490558624,0.23926380276679993,0.24335378408432007,0.0,0.0,0.0,0.0,0.0,0.0,0.0,0.0,0.0,0.0,0.0,0.0,0.0,0.0,0.0,0.0,0.0,0.0,0.0,0.0,0.0,0.0,0.0,0.0,0.0,0.0,0.0,0.0,0.0,0.0,0.0,0.0,0.0,0.0,0.0,0.0,0.0,0.0,0.0,0.0,0.0,0.0,0.0,0.0,0.0,0.0,0.0,0.0,0.0,0.0,0.0,0.0,0.0,0.0,0.0,0.0,0.0,0.0,0.0,0.0,0.0,0.0,0.0,0.0,0.0,0.0,0.0,0.0,0.0,0.0,0.0,0.0,0.0,0.0,0.0,0.0,0.0,0.0,0.0,0.0,0.0,0.0,0.0,0.0,0.0,1.0
1.0,0.6294335722923279,0.25674960017204285,0.03176283836364746,0.03652726486325264,0.07305452972650528,0.05082054063677788,0.05399682372808456,0.04764425754547119,0.014822657220065592,0.029645314440131187,0.007411328610032797,0.033880360424518585,0.01058761216700077,0.0026469030417501926,0.014293276704847813,0.004764425568282604,0.04817363619804382,0.03546850010752678,0.017998941242694855,0.03546850010752678,0.02699841186404228,0.05611434578895569,0.03705664351582527,0.04976177960634232,0.0682900995016098,0.08734780550003052,0.09422975033521651,0.11169931292533875,0.13552144169807434,0.16675490140914917,0.1503441035747528,0.16834303736686707,0.15140286087989807,0.15563790500164032,0.1482265740633011,0.12016940116882324,0.12334568798542021,0.11752250045537949,0.11752250045537949,0.105876125395298,0.10164108127355576,0.13710957765579224,0.10640550404787064,0.11116993427276611,0.1259925812482834,0.09952355921268465,0.11169931292533875,0.112758070230484,0.10799364745616911,0.10852302610874176,0.09581789374351501,0.10640550404787064,0.09264160692691803,0.09370037168264388,0.09899417310953139,0.08099523186683655,0.09687665104866029,0.07623080909252167,0.08946532756090163,0.08999470621347427,0.07252514362335205,0.09793541580438611,0.0682900995016098,0.07993647456169128,0.11540497839450836,0.11328745633363724,0.17998941242694855,0.17204870283603668,0.18898887932300568,0.23133933544158933,0.22657491266727448,0.19004765152931213,0.17310746014118195,0.10481736063957214,0.08258337527513504,0.062466911971569054,0.09528851509094238,0.047114875167608254,0.05240868031978607,0.06352567672729492,0.029115933924913406,0.0682900995016098,0.02593965083360672,0.04446797072887421,0.15669666230678558,0.37533086538314814,0.5283218622207642,0.6564319729804993,0.9454737901687622,0.6130227446556091,0.2080465853214264,0.039703547954559326,0.006881948094815016,0.03440973907709122,0.05240868031978607,0.027527792379260063,0.029645314440131187,0.005823187064379454,0.010058231651782988,0.02329274825751781,0.0021175225265324116,0.02117522433400154,0.0,0.010058231651782988,0.020116463303565976,0.0,0.0,0.0,0.0,0.0,0.0,0.0,0.0,0.0,0.0,0.0,0.0,0.0,0.0,0.0,0.0,0.0,0.0,0.0,0.0,0.0,0.0,0.0,0.0,0.0,0.0,0.0,0.0,0.0,0.0,0.0,0.0,0.0,0.0,0.0,0.0,0.0,0.0,0.0,0.0,0.0,0.0,0.0,0.0,0.0,0.0,0.0,0.0,0.0,0.0,0.0,0.0,0.0,0.0,0.0,0.0,0.0,0.0,0.0,0.0,0.0,0.0,0.0,0.0,0.0,0.0,0.0,0.0,0.0,0.0,0.0,0.0,0.0,0.0,0.0,0.0,0.0,0.0,0.0,0.0,0.0,1.0
1.0,0.4080629348754882,0.05899704992771149,0.08357915282249449,0.17404130101203918,0.3795476853847504,0.4778760969638824,0.516224205493927,0.4936086535453796,0.5467060208320618,0.5280236005783081,0.5378564596176147,0.5565388202667236,0.5358898639678955,0.5978367924690248,0.5722714066505432,0.5771878361701965,0.5821042060852051,0.564405083656311,0.6273353099822998,0.5978367924690248,0.6253687143325806,0.6273353099822998,0.6017699241638184,0.6666666865348816,0.6519173979759216,0.668633222579956,0.668633222579956,0.6460176706314087,0.6892821788787842,0.656833827495575,0.6627335548400879,0.6450344324111937,0.588003933429718,0.6145526170730591,0.5801376700401306,0.593903660774231,0.5870206356048584,0.5467060208320618,0.5771878361701965,0.5486725568771361,0.5604719519615173,0.5467060208320618,0.5152409076690674,0.5535889863967896,0.5358898639678955,0.5516223907470703,0.5467060208320618,0.5142576098442078,0.5535889863967896,0.5280236005783081,0.545722723007202,0.5437561273574829,0.5172074437141417,0.5624385476112366,0.5339233279228209,0.5476892590522766,0.5427728891372681,0.516224205493927,0.5811209678649902,0.545722723007202,0.5585054159164429,0.5486725568771361,0.5211406350135803,0.5712881088256836,0.5358898639678955,0.5447394251823425,0.5447394251823425,0.5152409076690674,0.5565388202667236,0.5172074437141417,0.5378564596176147,0.5260570049285889,0.5034415125846863,0.5575221180915833,0.5299901962280273,0.5398229956626892,0.5142576098442078,0.4857423901557922,0.5417895913124084,0.5132743120193481,0.5280236005783081,0.501474916934967,0.48279252648353577,0.5299901962280273,0.4867256581783295,0.5054080486297609,0.50737464427948,0.48180922865867615,0.5181907415390015,0.4837758243083954,0.49852508306503296,0.5044247508049011,0.4631268382072449,0.5191740393638611,0.5329400300979614,0.5811209678649902,0.5978367924690248,0.5988200306892395,0.7010816335678101,0.7069813013076782,0.6902654767036438,0.6411013007164001,0.6184857487678528,0.5998033285140991,0.5093411803245544,0.4768928289413452,0.4572271406650543,0.41002950072288513,0.4532940089702606,0.4178957641124725,0.43362832069396967,0.43362832069396967,0.43067845702171326,0.3097345232963562,0.0,0.24483776092529297,0.95476895570755,0.6578171253204346,0.11012782901525496,0.06686332076787949,0.11406096071004868,0.26352015137672424,0.3952802419662476,0.4847590923309326,0.4601770043373108,0.48279252648353577,0.4906587898731232,0.4532940089702606,0.5024582147598267,0.48279252648353577,0.501474916934967,0.50737464427948,0.46804326772689814,0.5122910737991333,0.4955752193927765,0.5231071710586548,0.5231071710586548,0.4906587898731232,0.5349065661430359,0.0,0.0,0.0,0.0,0.0,0.0,0.0,0.0,0.0,0.0,0.0,0.0,0.0,0.0,0.0,0.0,0.0,0.0,0.0,0.0,0.0,0.0,0.0,0.0,0.0,0.0,0.0,0.0,0.0,0.0,0.0,0.0,0.0,0.0,0.0,0.0,0.0,0.0,0.0,0.0,0.0,0.0,0.0,0.0,0.0,0.0,0.0,1.0
1.0,0.8212586045265197,0.4420941174030304,0.12480169534683228,0.10682179033756256,0.20571126043796537,0.22316235303878784,0.21523003280162809,0.21840296685695648,0.22686409950256348,0.23056583106517792,0.23532523214817047,0.22474880516529083,0.22845055162906647,0.23320993781089783,0.2490745633840561,0.24272871017456052,0.24114225804805756,0.25224748253822327,0.2548916041851044,0.26335272192955017,0.26388153433799744,0.25859335064888,0.26388153433799744,0.285563200712204,0.285563200712204,0.29613959789276123,0.29455316066741943,0.3019566237926483,0.32416710257530207,0.3368588089942932,0.3400317430496216,0.3500793278217316,0.3595981001853943,0.37863564491271967,0.3897408843040466,0.3982020020484924,0.39555791020393366,0.3945002555847168,0.40190374851226807,0.40190374851226807,0.3897408843040466,0.3722898066043854,0.3564251661300659,0.34056055545806885,0.3178212642669678,0.2924378514289856,0.27075621485710144,0.2533051371574402,0.24960339069366452,0.2506610155105591,0.24537281692028043,0.22580644488334653,0.23003701865673065,0.23691168427467343,0.23638287186622617,0.2379693239927292,0.23426757752895355,0.23056583106517792,0.23162348568439484,0.23691168427467343,0.23532523214817047,0.21893177926540372,0.21893177926540372,0.2242199927568436,0.22580644488334653,0.22263352572917935,0.2125859260559082,0.2014807015657425,0.21047064661979675,0.226335272192955,0.2125859260559082,0.1998942345380783,0.19830776751041407,0.20306715369224548,0.2025383412837982,0.19249074161052704,0.19196192920207977,0.1940772086381912,0.19619248807430267,0.19672131538391116,0.1972501277923584,0.18297196924686432,0.19090428948402405,0.1882601827383041,0.19301956892013547,0.19090428948402405,0.17292438447475433,0.17451083660125732,0.1803278625011444,0.1887889951467514,0.18085668981075287,0.17133791744709015,0.17451083660125732,0.1760973036289215,0.18455843627452848,0.16869381070137024,0.1634056121110916,0.1708090901374817,0.1718667298555374,0.17133791744709015,0.16922263801097867,0.16393442451953888,0.15864622592926023,0.16287678480148315,0.16710734367370603,0.16023267805576324,0.15917503833770752,0.1523003727197647,0.1649920642375946,0.17662613093852997,0.1718667298555374,0.1634056121110916,0.15917503833770752,0.17451083660125732,0.2310946583747864,0.2506610155105591,0.2548916041851044,0.2543627619743347,0.2950819730758667,0.2670544683933258,0.2310946583747864,0.21575886011123657,0.20676890015602112,0.1803278625011444,0.16181914508342743,0.15335801243782043,0.1300898939371109,0.13749338686466217,0.13749338686466217,0.13590693473815915,0.1470121592283249,0.13537810742855072,0.09042834490537645,0.12533050775527954,0.17556847631931305,0.5087255239486694,0.912215769290924,0.6520359516143799,0.3289265036582947,0.0,0.025912215933203697,0.125859335064888,0.13802221417427063,0.14648334681987762,0.15917503833770752,0.1575885713100433,0.1480697989463806,0.1523003727197647,0.1644632518291473,0.17451083660125732,0.17133791744709015,0.16816499829292297,0.16975145041942596,0.18508724868297577,0.1882601827383041,0.19830776751041407,0.19672131538391116,0.20571126043796537,0.20571126043796537,0.22580644488334653,0.2210470587015152,0.21575886011123657,0.0,0.0,0.0,0.0,0.0,0.0,0.0,0.0,0.0,0.0,0.0,0.0,0.0,0.0,0.0,0.0,0.0,0.0,0.0,0.0,0.0,0.0,0.0,0.0,1.0
0.9307795763015747,0.7560483813285828,0.2896505296230316,0.0,0.0759408622980118,0.26478493213653564,0.3427419364452362,0.4301075339317322,0.4025537669658661,0.4435483813285828,0.4522849321365357,0.44825267791748047,0.48924732208251953,0.4529569745063782,0.4952957034111023,0.49462366104125977,0.4724462330341339,0.4979838728904724,0.44825267791748047,0.48454302549362177,0.463709682226181,0.4543010890483856,0.5033602118492126,0.47110214829444885,0.5100806355476379,0.48857527971267695,0.4556451737880706,0.5040322542190552,0.4543010890483856,0.48185482621192927,0.46774193644523615,0.4354838728904724,0.46841397881507874,0.41801074147224426,0.4495967626571655,0.43884408473968506,0.4173386991024017,0.4630376398563385,0.41935482621192927,0.4442204236984253,0.4334677457809448,0.42809140682220453,0.4744623601436615,0.44086021184921265,0.47580644488334656,0.46169355511665344,0.43413978815078735,0.4791666567325592,0.4435483813285828,0.4778225719928741,0.4630376398563385,0.44892472028732294,0.48185482621192927,0.4422042965888977,0.46908602118492126,0.45967742800712585,0.4381720423698425,0.46841397881507874,0.4287634491920471,0.4603494703769684,0.4852150678634644,0.5336021780967712,0.6034946441650392,0.5732526779174805,0.6888440847396851,0.7694892287254332,0.7291666865348816,0.6626344323158264,0.5241935253143312,0.5040322542190552,0.4657258093357086,0.42809140682220453,0.4744623601436615,0.42137095332145685,0.4670698940753937,0.4724462330341339,0.4529569745063782,0.4778225719928741,0.5107526779174805,0.7815860509872435,1.0,0.7654569745063781,0.3467741906642914,0.15927419066429138,0.27217742800712585,0.4314516186714172,0.5026881694793701,0.6034946441650392,0.5618279576301575,0.6115591526031494,0.6081989407539368,0.5873655676841736,0.6491935253143312,0.6196236610412598,0.664650559425354,0.6606183052062988,0.0,0.0,0.0,0.0,0.0,0.0,0.0,0.0,0.0,0.0,0.0,0.0,0.0,0.0,0.0,0.0,0.0,0.0,0.0,0.0,0.0,0.0,0.0,0.0,0.0,0.0,0.0,0.0,0.0,0.0,0.0,0.0,0.0,0.0,0.0,0.0,0.0,0.0,0.0,0.0,0.0,0.0,0.0,0.0,0.0,0.0,0.0,0.0,0.0,0.0,0.0,0.0,0.0,0.0,0.0,0.0,0.0,0.0,0.0,0.0,0.0,0.0,0.0,0.0,0.0,0.0,0.0,0.0,0.0,0.0,0.0,0.0,0.0,0.0,0.0,0.0,0.0,0.0,0.0,0.0,0.0,0.0,0.0,0.0,0.0,0.0,0.0,0.0,0.0,0.0,0.0,1.0
1.0,0.7472316026687622,0.33220991492271423,0.26817524433135986,0.11218103021383284,0.10351468622684477,0.13529127836227417,0.15310543775558472,0.14203177392482755,0.142513245344162,0.14684641361236572,0.13769860565662384,0.1588830053806305,0.15840153396129608,0.15454983711242676,0.15743860602378845,0.142513245344162,0.16803081333637235,0.15406836569309235,0.15503129363059995,0.15792007744312286,0.14732787013053894,0.15743860602378845,0.14443910121917725,0.14732787013053894,0.13962446153163907,0.1362542062997818,0.1367356777191162,0.11314395815134048,0.08955223858356477,0.0683678388595581,0.03514684736728668,0.032258063554763794,0.0,0.007703418377786874,0.01974000968039036,0.02214732766151428,0.06259027123451233,0.07366393506526947,0.09051516652107239,0.12662494182586667,0.12566201388835907,0.14540202915668488,0.14829079806804657,0.15021665394306183,0.1521425098180771,0.15792007744312286,0.17140105366706848,0.15454983711242676,0.16995666921138763,0.16129031777381897,0.1593644618988037,0.18006740510463715,0.17380838096141815,0.181511789560318,0.19065961241722104,0.17910447716712952,0.20221473276615143,0.1824747174978256,0.17477130889892578,0.17140105366706848,0.17091959714889526,0.1757342368364334,0.17621569335460663,0.18680790066719052,0.16899374127388,0.16995666921138763,0.18440057337284088,0.16129031777381897,0.17477130889892578,0.17284545302391052,0.156475692987442,0.17717862129211423,0.1559942215681076,0.16321617364883423,0.16466057300567627,0.14443910121917725,0.17284545302391052,0.16417910158634183,0.1651420295238495,0.15695714950561523,0.14829079806804657,0.16321617364883423,0.1588830053806305,0.19306692481040957,0.233991339802742,0.22580644488334653,0.2474723160266876,0.2595089077949524,0.2725084125995636,0.2956186830997467,0.2725084125995636,0.297544538974762,0.22484351694583887,0.20606644451618197,0.15743860602378845,0.12132883816957472,0.1429947018623352,0.12084737420082092,0.13721713423728943,0.11218103021383284,0.116995669901371,0.14106884598731995,0.1039961501955986,0.03948001936078072,0.009629272855818272,0.09244102239608765,0.5426095128059387,0.9764083027839661,0.89552241563797,0.3480982184410095,0.19306692481040957,0.07992296665906906,0.06740491092205048,0.13143958151340485,0.13769860565662384,0.12758786976337433,0.15503129363059995,0.1391429901123047,0.14443910121917725,0.1559942215681076,0.1328839659690857,0.15840153396129608,0.1555127650499344,0.1434761732816696,0.15021665394306183,0.13769860565662384,0.15262398123741147,0.15406836569309235,0.0,0.0,0.0,0.0,0.0,0.0,0.0,0.0,0.0,0.0,0.0,0.0,0.0,0.0,0.0,0.0,0.0,0.0,0.0,0.0,0.0,0.0,0.0,0.0,0.0,0.0,0.0,0.0,0.0,0.0,0.0,0.0,0.0,0.0,0.0,0.0,0.0,0.0,0.0,0.0,0.0,0.0,0.0,0.0,0.0,0.0,0.0,0.0,0.0,0.0,0.0,0.0,0.0,0.0,0.0,0.0,0.0,0.0,1.0
1.0,0.7130317091941833,0.35584065318107605,0.029709655791521072,0.12761647999286652,0.2687373459339142,0.115462526679039,0.24915596842765808,0.1580013483762741,0.14787305891513824,0.24105334281921384,0.11748818308115004,0.2579338252544403,0.17488183081150055,0.17083051800727844,0.25928425788879395,0.13977041840553284,0.2795408368110657,0.18838623166084287,0.19716407358646393,0.283592164516449,0.16745442152023315,0.3193787932395935,0.2316002696752548,0.24442943930625916,0.35178932547569275,0.24375422298908236,0.4051316678524017,0.33693450689315796,0.3531397581100464,0.4645509719848633,0.3450371325016022,0.5003376007080078,0.39567860960960394,0.3781228959560394,0.44024306535720825,0.27819040417671204,0.37542200088500977,0.24375422298908236,0.2147197872400284,0.26671168208122253,0.12491559982299805,0.25995948910713196,0.15530046820640564,0.1654287576675415,0.2464551031589508,0.11411208659410477,0.25523295998573303,0.15935179591178894,0.17083051800727844,0.25995948910713196,0.13369345664978027,0.2727886438369751,0.18298447132110596,0.19851452112197876,0.2768399715423584,0.14922349154949188,0.28224173188209534,0.18838623166084287,0.1850101351737976,0.25523295998573303,0.12896691262722015,0.2613099217414856,0.16070222854614255,0.1667792052030563,0.23767724633216855,0.10533423721790312,0.253882497549057,0.1458473950624466,0.14449696242809296,0.22889938950538635,0.0925050675868988,0.22552329301834104,0.12896691262722015,0.13369345664978027,0.2052667140960693,0.07967589795589447,0.22012153267860407,0.1195138394832611,0.13031736016273499,0.21742066740989685,0.12896691262722015,0.3119513988494873,0.22417286038398743,0.27076300978660583,0.3916272819042206,0.2565833926200866,0.4098581969738007,0.29844698309898376,0.29034435749053955,0.3342336118221283,0.1809588074684143,0.2464551031589508,0.108035109937191,0.10465901345014572,0.1620526611804962,0.03308575227856636,0.17218096554279327,0.06009453162550926,0.076975017786026,0.1438217461109161,0.014179608784615992,0.15665091574192047,0.053342334926128394,0.07494936138391495,0.1350438892841339,0.015530047006905077,0.1890614479780197,0.1694800853729248,0.33355841040611267,0.6414584517478943,0.8338960409164429,0.7501688003540038,0.17083051800727844,0.0,0.19108709692955017,0.10668466985225676,0.21066847443580627,0.09723159670829774,0.11883862316608428,0.1809588074684143,0.0614449679851532,0.20189061760902405,0.10128291696310043,0.13977041840553284,0.2052667140960693,0.09655638039112092,0.24375422298908236,0.14314652979373932,0.0,0.0,0.0,0.0,0.0,0.0,0.0,0.0,0.0,0.0,0.0,0.0,0.0,0.0,0.0,0.0,0.0,0.0,0.0,0.0,0.0,0.0,0.0,0.0,0.0,0.0,0.0,0.0,0.0,0.0,0.0,0.0,0.0,0.0,0.0,0.0,0.0,0.0,0.0,0.0,0.0,0.0,0.0,0.0,0.0,0.0,0.0,0.0,0.0,0.0,0.0,0.0,0.0,0.0,0.0,0.0,0.0,0.0,1.0
0.9579831957817075,0.38590821623802185,0.2184873968362808,0.26115062832832336,0.3361344635486603,0.3994828760623932,0.4033613502979279,0.41241112351417536,0.4117647111415863,0.4318034946918488,0.4369747936725616,0.4343891441822052,0.456367164850235,0.45313510298728943,0.47705236077308655,0.4841628968715668,0.4938590824604034,0.5210084319114685,0.529411792755127,0.5500969886779785,0.5488041639328003,0.5475113391876221,0.5636716485023499,0.5391079783439636,0.49967679381370544,0.48868778347969055,0.4595992267131805,0.4311570823192597,0.38332256674766546,0.36974790692329407,0.33936652541160583,0.3160956799983978,0.32191339135169983,0.31286361813545227,0.3186813294887543,0.2960568964481354,0.29541048407554626,0.30510666966438293,0.29476407170295715,0.2857142984867096,0.2805429995059967,0.2695539891719818,0.2798965871334076,0.27020040154457087,0.2857142984867096,0.32255980372428894,0.33936652541160583,0.3387201130390167,0.3374272882938385,0.38267615437507624,0.3031674325466156,0.3503555357456207,0.3820297420024872,0.35229477286338806,0.2967033088207245,0.2521008551120758,0.2294764071702957,0.24822236597537997,0.23658694326877597,0.2223658710718155,0.21913380920886996,0.20232708752155304,0.2243051081895828,0.2107304483652115,0.2223658710718155,0.22107304632663727,0.1984486132860184,0.22042663395404813,0.2100840359926224,0.2159017473459244,0.2100840359926224,0.19909502565860748,0.21784098446369168,0.2100840359926224,0.20814479887485504,0.20814479887485504,0.19457013905048368,0.2126696854829788,0.2068519741296768,0.20749838650226596,0.20555914938449857,0.2036199122667313,0.23270846903324127,0.20491273701190948,0.20620556175708768,0.16483516991138458,0.002585649723187089,0.0,0.5307046175003052,1.0,0.5345830917358398,0.2863607108592987,0.19198448956012723,0.29928895831108093,0.3322559893131256,0.37233355641365046,0.3645766079425812,0.38138332962989807,0.38009050488471985,0.38009050488471985,0.40271493792533875,0.39560440182685846,0.42404654622077936,0.4175824224948883,0.4169360101222992,0.438914030790329,0.0,0.0,0.0,0.0,0.0,0.0,0.0,0.0,0.0,0.0,0.0,0.0,0.0,0.0,0.0,0.0,0.0,0.0,0.0,0.0,0.0,0.0,0.0,0.0,0.0,0.0,0.0,0.0,0.0,0.0,0.0,0.0,0.0,0.0,0.0,0.0,0.0,0.0,0.0,0.0,0.0,0.0,0.0,0.0,0.0,0.0,0.0,0.0,0.0,0.0,0.0,0.0,0.0,0.0,0.0,0.0,0.0,0.0,0.0,0.0,0.0,0.0,0.0,0.0,0.0,0.0,0.0,0.0,0.0,0.0,0.0,0.0,0.0,0.0,0.0,0.0,0.0,0.0,0.0,0.0,0.0,1.0
1.0,0.7963340282440186,0.5947046875953673,0.5397148728370667,0.4898166954517365,0.43177190423011774,0.4877800345420837,0.4826883971691132,0.4979633390903473,0.4867617189884186,0.490835040807724,0.5071282982826233,0.4816700518131256,0.5091649889945984,0.5010183453559875,0.48574337363243103,0.505091667175293,0.5152749419212341,0.5173116326332092,0.5885946750640869,0.48574337363243103,0.4949083626270294,0.4867617189884186,0.523421585559845,0.5030549764633179,0.45621180534362793,0.4867617189884186,0.42260691523551935,0.4378818869590759,0.3971486687660217,0.31670060753822327,0.2637474536895752,0.2423625290393829,0.33197554945945734,0.24847251176834104,0.24032586812973025,0.2566191554069519,0.3177189528942108,0.41038697957992554,0.3920570313930512,0.1904277056455612,0.5448065400123596,0.90631365776062,0.2993890047073364,0.3340122103691101,0.24134419858455655,0.3798370659351349,0.47148674726486206,0.31059062480926514,0.2637474536895752,0.3706721067428589,0.6038696765899657,0.30753564834594727,0.2993890047073364,0.3431771993637085,0.2769857347011566,0.5254582762718201,0.2841140627861023,0.37881875038146967,0.41955193877220154,0.44704684615135193,0.5254582762718201,0.3411405384540558,0.3655804395675659,0.5091649889945984,0.4653767943382263,0.47148674726486206,0.3808554112911224,0.3778004050254822,0.4877800345420837,0.5173116326332092,0.5936863422393799,0.6171079277992249,0.490835040807724,0.38594704866409296,0.30346232652664185,0.3289205729961395,0.25356414914131165,0.28309571743011475,0.2902240455150604,0.2423625290393829,0.2983706593513489,0.25152748823165894,0.26985743641853327,0.2637474536895752,0.2637474536895752,0.2749490737915039,0.28513237833976746,0.27800408005714417,0.2688390910625458,0.181262731552124,0.07841140776872633,0.0,0.23217922449111936,0.6099796295166016,0.8085539937019347,0.6252545714378357,0.8248472213745117,0.9694501161575315,0.6924643516540527,0.4887983798980713,0.47657841444015503,0.40529531240463257,0.371690422296524,0.42158859968185425,0.40631365776062006,0.4745417535305023,0.4511201679706573,0.45621180534362793,0.45926681160926813,0.4175152778625488,0.4837067127227783,0.46843177080154413,0.45926681160926813,0.44908350706100464,0.0,0.0,0.0,0.0,0.0,0.0,0.0,0.0,0.0,0.0,0.0,0.0,0.0,0.0,0.0,0.0,0.0,0.0,0.0,0.0,0.0,0.0,0.0,0.0,0.0,0.0,0.0,0.0,0.0,0.0,0.0,0.0,0.0,0.0,0.0,0.0,0.0,0.0,0.0,0.0,0.0,0.0,0.0,0.0,0.0,0.0,0.0,0.0,0.0,0.0,0.0,0.0,0.0,0.0,0.0,0.0,0.0,0.0,0.0,0.0,0.0,0.0,0.0,0.0,0.0,0.0,0.0,0.0,0.0,0.0,0.0,0.0,1.0
1.0,0.672260582447052,0.3030602037906647,0.0,0.20335637032985687,0.2764067053794861,0.17374135553836823,0.09476801753044128,0.09674234688282014,0.05824284255504608,0.08489634841680527,0.06712734699249268,0.07601184397935867,0.10365251451730728,0.08292201161384583,0.11747284978628159,0.11253701895475388,0.13030602037906647,0.15893386304378507,0.14807502925395963,0.199407696723938,0.20730502903461456,0.2349456995725632,0.2892398834228516,0.29812437295913696,0.3682132363319397,0.4146100580692291,0.4827245771884918,0.5873642563819885,0.6396840810775757,0.7462981343269347,0.8252714872360228,0.9101678133010864,0.9930898547172545,0.9812438488006592,0.9575518369674682,0.8311944603919984,0.6762092709541321,0.5320829153060913,0.34846988320350647,0.2615992128849029,0.16880552470684052,0.12339585274457932,0.1046396866440773,0.050345510244369514,0.06219150871038437,0.03257650509476662,0.038499508053064346,0.050345510244369514,0.02369200438261032,0.04146100580692291,0.025666337460279465,0.038499508053064346,0.060217175632715225,0.025666337460279465,0.054294176399707794,0.04146100580692291,0.048371173441410065,0.06614017486572266,0.04047384113073349,0.07206317782402039,0.0592300109565258,0.05330700799822807,0.07601184397935867,0.043435338884592056,0.0681145116686821,0.05330700799822807,0.049358341842889786,0.06317868083715439,0.02665350399911404,0.043435338884592056,0.031589340418577194,0.02665350399911404,0.04738400876522064,0.007897335104644297,0.0,0.0,0.0,0.0,0.0,0.0,0.0,0.0,0.0,0.0,0.0,0.0,0.0,0.0,0.0,0.0,0.0,0.0,0.0,0.0,0.0,0.0,0.0,0.0,0.0,0.0,0.0,0.0,0.0,0.0,0.0,0.0,0.0,0.0,0.0,0.0,0.0,0.0,0.0,0.0,0.0,0.0,0.0,0.0,0.0,0.0,0.0,0.0,0.0,0.0,0.0,0.0,0.0,0.0,0.0,0.0,0.0,0.0,0.0,0.0,0.0,0.0,0.0,0.0,0.0,0.0,0.0,0.0,0.0,0.0,0.0,0.0,0.0,0.0,0.0,0.0,0.0,0.0,0.0,0.0,0.0,0.0,0.0,0.0,0.0,0.0,0.0,0.0,0.0,0.0,0.0,0.0,0.0,0.0,0.0,0.0,0.0,0.0,0.0,0.0,0.0,0.0,0.0,0.0,0.0,0.0,0.0,0.0,0.0,0.0,0.0,0.0,1.0
1.0,0.8292682766914367,0.6763830780982971,0.2926829159259796,0.15229029953479767,0.13146936893463135,0.095181442797184,0.0862581804394722,0.07198096066713333,0.033908389508724206,0.06662701070308685,0.06127305328845978,0.08685306459665297,0.095181442797184,0.08863771706819534,0.07257584482431412,0.08744794875383377,0.10053539276123045,0.12373587489128111,0.11005353927612305,0.12195122241973876,0.11957168579101562,0.13920284807682037,0.17013682425022125,0.1505056470632553,0.19690659642219543,0.2076145112514496,0.2254610359668732,0.251041054725647,0.23081499338150024,0.2320047616958618,0.20285543799400327,0.19155265390872955,0.17370612919330597,0.1421772688627243,0.08566329628229141,0.06127305328845978,0.05234979093074799,0.046400953084230416,0.027364663779735565,0.03628792241215706,0.04402141645550728,0.05234979093074799,0.06067816913127899,0.044616300612688065,0.07317072898149489,0.05234979093074799,0.06603212654590607,0.07019630819559097,0.060083284974098206,0.07138607650995255,0.049375370144844055,0.04997025430202484,0.04521118476986885,0.06722189486026764,0.07317072898149489,0.052944675087928765,0.05889351665973663,0.060083284974098206,0.09875074028968812,0.07198096066713333,0.07852468639612198,0.07971445471048355,0.0773349180817604,0.07138607650995255,0.08090422302484512,0.07792980223894118,0.09161213785409927,0.10707911849021912,0.08982748538255692,0.0648423582315445,0.07495538145303726,0.08923260122537614,0.06662701070308685,0.04521118476986885,0.06603212654590607,0.06960142403841019,0.12195122241973876,0.13801309466362,0.11838191747665404,0.14515168964862823,0.15169541537761688,0.16478286683559415,0.15348006784915924,0.1844140440225601,0.15288518369197843,0.13801309466362,0.10945865511894226,0.0517549067735672,0.035098154097795486,0.06186793744564056,0.0559190958738327,0.05651398003101349,0.07257584482431412,0.0,0.04878048598766327,0.30458059906959534,0.8786436915397645,0.9660916328430176,0.7834622263908385,0.4479476511478424,0.2361689507961273,0.18619869649410248,0.15407495200634003,0.12195122241973876,0.1284949481487274,0.1076740026473999,0.1160023808479309,0.1160023808479309,0.11838191747665404,0.13801309466362,0.129684716463089,0.15288518369197843,0.1546698361635208,0.15288518369197843,0.0,0.0,0.0,0.0,0.0,0.0,0.0,0.0,0.0,0.0,0.0,0.0,0.0,0.0,0.0,0.0,0.0,0.0,0.0,0.0,0.0,0.0,0.0,0.0,0.0,0.0,0.0,0.0,0.0,0.0,0.0,0.0,0.0,0.0,0.0,0.0,0.0,0.0,0.0,0.0,0.0,0.0,0.0,0.0,0.0,0.0,0.0,0.0,0.0,0.0,0.0,0.0,0.0,0.0,0.0,0.0,0.0,0.0,0.0,0.0,0.0,0.0,0.0,0.0,0.0,0.0,0.0,0.0,0.0,0.0,0.0,0.0,1.0
1.0,0.5727969408035278,0.34291186928749084,0.18797892332077024,0.15996168553829193,0.14152298867702484,0.11637931317090988,0.10153256356716156,0.09913793206214903,0.09770114719867705,0.09363026916980743,0.0965038314461708,0.09386973083019257,0.08908046036958694,0.08955938369035722,0.09051723778247832,0.08931992202997206,0.0864463597536087,0.08668582141399382,0.08836206793785094,0.08620689809322357,0.08740421384572983,0.08979885280132292,0.0979406163096428,0.10632184147834776,0.11949233710765839,0.12835249304771423,0.13242337107658386,0.1458333283662796,0.1597222238779068,0.1731321811676025,0.18175287544727323,0.19061303138732913,0.19875478744506836,0.19516283273696897,0.18989463150501248,0.1767241358757019,0.1621168553829193,0.1520593911409378,0.13697318732738495,0.125,0.11901340633630753,0.10991379618644714,0.1096743270754814,0.10704022645950316,0.108955942094326,0.10799808800220488,0.10153256356716156,0.10153256356716156,0.10751915723085403,0.11063218116760253,0.10560344904661179,0.10656130313873292,0.10799808800220488,0.09961685538291933,0.10584291070699692,0.10632184147834776,0.10249042510986328,0.10296934843063354,0.10009578615427016,0.09674329310655594,0.08931992202997206,0.09602490067481993,0.09051723778247832,0.08309386670589447,0.0857279673218727,0.0850095748901367,0.08884099870920181,0.08836206793785094,0.08237548172473907,0.07782567292451857,0.08189655095338821,0.07495211064815521,0.07543103396892548,0.07614942640066147,0.07519157230854033,0.07136015594005585,0.06489463895559311,0.07136015594005585,0.07040230184793472,0.06752873212099075,0.061063218861818314,0.0586685836315155,0.054118774831295006,0.05579501762986183,0.06058429181575775,0.05818965658545494,0.05890804529190064,0.06681034713983536,0.07064176350831985,0.08477011322975159,0.08931992202997206,0.09243295341730115,0.08836206793785094,0.08955938369035722,0.08237548172473907,0.07279693335294724,0.08740421384572983,0.09003831446170807,0.07423371821641923,0.07136015594005585,0.06968390941619873,0.06226053461432457,0.05818965658545494,0.059626437723636634,0.05795019119977951,0.06226053461432457,0.05579501762986183,0.054597701877355576,0.03663793206214905,0.0,0.04693486541509628,0.26484674215316767,0.47581416368484497,0.6405651569366455,0.973898470401764,0.6405651569366455,0.3620689511299133,0.16570881009101868,0.1273946315050125,0.10919540375471117,0.07136015594005585,0.06034482643008232,0.05028735473752022,0.04693486541509628,0.04837164655327797,0.04837164655327797,0.04334291070699692,0.042145594954490655,0.04358237609267234,0.040229886770248406,0.0347222238779068,0.03687739372253417,0.03496168553829193,0.0,0.0,0.0,0.0,0.0,0.0,0.0,0.0,0.0,0.0,0.0,0.0,0.0,0.0,0.0,0.0,0.0,0.0,0.0,0.0,0.0,0.0,0.0,0.0,0.0,0.0,0.0,0.0,0.0,0.0,0.0,0.0,0.0,0.0,0.0,0.0,0.0,0.0,0.0,0.0,0.0,0.0,0.0,0.0,0.0,0.0,0.0,0.0,0.0,0.0,0.0,0.0,0.0,1.0
0.9653482437133789,1.0,0.9534476995468141,0.6286314129829407,0.2835141718387604,0.06300315260887146,0.0024501224979758263,0.11480574309825896,0.2429121434688568,0.388869434595108,0.5082254409790039,0.6149807572364807,0.6839342117309569,0.7010850310325624,0.7119355797767639,0.7168358564376831,0.7245362401008606,0.7231361865997313,0.715785801410675,0.7189359664916992,0.7266363501548766,0.731536567211151,0.7353867888450623,0.731536567211151,0.7409870624542236,0.7458872795104979,0.7500874996185303,0.7605880498886108,0.7651382684707642,0.7833391427993774,0.7938396930694579,0.8137906789779662,0.8197410106658934,0.8323416113853455,0.8379418849945068,0.8375918865203857,0.8347917199134826,0.827441394329071,0.8053902983665465,0.7906895279884337,0.7668883204460144,0.7574378848075866,0.7402870059013367,0.7339866757392883,0.7241861820220947,0.7199860215187073,0.7178859114646912,0.7203360199928284,0.7206860184669495,0.7119355797767639,0.7087854146957396,0.7122856378555298,0.7021350860595703,0.6979349255561829,0.7070353627204895,0.7087854146957396,0.715785801410675,0.7143857479095458,0.7210360765457153,0.7308365702629089,0.7122856378555298,0.7227861285209655,0.7245362401008606,0.729436457157135,0.7409870624542236,0.7483373880386353,0.7458872795104979,0.7252362370491027,0.7206860184669495,0.7168358564376831,0.6916345953941345,0.6919845938682556,0.7084354162216187,0.7028351426124573,0.712985634803772,0.7028351426124573,0.7007350325584412,0.6926846504211426,0.6996849775314331,0.7024851441383362,0.6968848705291748,0.7073853611946106,0.7010850310325624,0.7024851441383362,0.7021350860595703,0.7182359099388123,0.8277913928031921,0.936296820640564,0.9740986824035645,0.9523976445198061,0.6835841536521912,0.3244662284851074,0.06510325521230698,0.0,0.08050402253866196,0.20196010172367093,0.3447672426700592,0.47287365794181824,0.586629331111908,0.6664333343505859,0.6951347589492798,0.7077353596687317,0.7038851976394653,0.7175358533859253,0.0,0.0,0.0,0.0,0.0,0.0,0.0,0.0,0.0,0.0,0.0,0.0,0.0,0.0,0.0,0.0,0.0,0.0,0.0,0.0,0.0,0.0,0.0,0.0,0.0,0.0,0.0,0.0,0.0,0.0,0.0,0.0,0.0,0.0,0.0,0.0,0.0,0.0,0.0,0.0,0.0,0.0,0.0,0.0,0.0,0.0,0.0,0.0,0.0,0.0,0.0,0.0,0.0,0.0,0.0,0.0,0.0,0.0,0.0,0.0,0.0,0.0,0.0,0.0,0.0,0.0,0.0,0.0,0.0,0.0,0.0,0.0,0.0,0.0,0.0,0.0,0.0,0.0,0.0,0.0,0.0,0.0,0.0,1.0
0.9112840294837952,1.0,0.4758754968643189,0.1513618677854538,0.05097276344895362,0.06653696298599243,0.07821011543273924,0.10544747114181519,0.11167315393686295,0.11011673510074615,0.12178988009691238,0.11595330387353896,0.11634241044521332,0.12568093836307523,0.13035018742084503,0.12217898666858672,0.13579766452312467,0.13735409080982208,0.14280155301094055,0.1533073931932449,0.16498054563999176,0.17392995953559875,0.1898832619190216,0.20194552838802335,0.21322956681251523,0.24513618648052213,0.2610895037651062,0.29338520765304565,0.30972763895988464,0.33035019040107727,0.34085604548454285,0.3560311198234558,0.35369649529457087,0.3560311198234558,0.33151751756668085,0.287937730550766,0.26225680112838745,0.2128404676914215,0.18287937343120572,0.14669260382652283,0.12957198917865753,0.12568093836307523,0.11400777846574783,0.10505836457014084,0.1097276285290718,0.10428015887737274,0.09961089491844176,0.09883268177509309,0.0941634252667427,0.09105058014392851,0.0949416309595108,0.09455253183841704,0.09805447608232498,0.09844358265399933,0.1105058342218399,0.10466925799846648,0.1112840473651886,0.1112840473651886,0.11167315393686295,0.11167315393686295,0.11089494079351424,0.11517509818077087,0.1202334612607956,0.10583657771348952,0.1023346334695816,0.1007782071828842,0.0867704302072525,0.0949416309595108,0.09299610555171967,0.09766536951065063,0.135019451379776,0.1482490301132202,0.16147859394550323,0.1424124538898468,0.15369649231433868,0.1424124538898468,0.15097276866436005,0.12996108829975128,0.1023346334695816,0.093385212123394,0.06692606955766678,0.05097276344895362,0.045136187225580215,0.043579768389463425,0.0400778204202652,0.034630350768566125,0.03852140158414841,0.030350195243954655,0.02996108867228031,0.02918287925422192,0.0392996110022068,0.04046692699193954,0.08793774247169495,0.27898833155632013,0.4466926157474518,0.792607009410858,0.9680933952331544,0.514396905899048,0.14941634237766263,0.028015565127134323,0.0,0.015175097621977328,0.04163424298167229,0.05097276344895362,0.046692606061697006,0.05369649827480316,0.0556420236825943,0.06498054414987564,0.056031130254268646,0.05719844251871109,0.06303501874208449,0.07003890722990036,0.06731517612934113,0.07470817118883134,0.0,0.0,0.0,0.0,0.0,0.0,0.0,0.0,0.0,0.0,0.0,0.0,0.0,0.0,0.0,0.0,0.0,0.0,0.0,0.0,0.0,0.0,0.0,0.0,0.0,0.0,0.0,0.0,0.0,0.0,0.0,0.0,0.0,0.0,0.0,0.0,0.0,0.0,0.0,0.0,0.0,0.0,0.0,0.0,0.0,0.0,0.0,0.0,0.0,0.0,0.0,0.0,0.0,0.0,0.0,0.0,0.0,0.0,0.0,0.0,0.0,0.0,0.0,0.0,0.0,0.0,0.0,0.0,0.0,0.0,0.0,0.0,0.0,1.0
1.0,0.6908602118492126,0.1391129046678543,0.052419353276491165,0.08534946292638777,0.09341397881507872,0.04435483738780022,0.0,0.036290321499109275,0.016129031777381897,0.0369623638689518,0.02217741869390011,0.020833333954215046,0.006720430217683315,0.04435483738780022,0.057795699685812,0.00873655918985605,0.020833333954215046,0.030913978815078732,0.04905914142727852,0.04435483738780022,0.04905914142727852,0.04435483738780022,0.07930107414722441,0.06653226166963577,0.1135752722620964,0.09274193644523619,0.10349462181329729,0.11088709533214568,0.11895161122083664,0.1317204236984253,0.12836021184921265,0.08669354766607283,0.0860215052962303,0.0672043040394783,0.09206989407539368,0.0880376324057579,0.060483869165182114,0.09475806355476381,0.06854838877916336,0.0880376324057579,0.09946236759424208,0.08333333581686019,0.08870967477560043,0.07862903177738188,0.08333333581686019,0.07526881992816925,0.06854838877916336,0.07795698940753935,0.059139784425497055,0.09408602118492126,0.0860215052962303,0.07930107414722441,0.0880376324057579,0.08333333581686019,0.10618279874324799,0.08400537818670271,0.07123655825853348,0.09946236759424208,0.060483869165182114,0.10147849470376968,0.09543010592460632,0.08467742055654524,0.08938171714544296,0.09610214829444884,0.15793010592460632,0.16935484111309052,0.18817204236984247,0.20362903177738187,0.21841397881507876,0.19758065044879916,0.20967741310596463,0.14717741310596466,0.14919355511665344,0.1135752722620964,0.10349462181329729,0.05577956885099411,0.022849462926387783,0.05107526853680611,0.0369623638689518,0.038306452333927155,0.036290321499109275,0.026209676638245583,0.06182795763015747,0.04166666790843009,0.0369623638689518,0.16129031777381897,0.45497313141822815,0.6975806355476379,0.9408602118492126,0.7889785170555114,0.15927419066429138,0.04973118379712105,0.14314515888690948,0.06451612710952759,0.059811826795339584,0.022849462926387783,0.012096773833036423,0.03897849470376968,0.005376344081014395,0.02688172087073326,0.025537634268403053,0.025537634268403053,0.020161289721727368,0.02688172087073326,0.06182795763015747,0.04099462181329727,0.007392473053187133,0.038306452333927155,0.0,0.0,0.0,0.0,0.0,0.0,0.0,0.0,0.0,0.0,0.0,0.0,0.0,0.0,0.0,0.0,0.0,0.0,0.0,0.0,0.0,0.0,0.0,0.0,0.0,0.0,0.0,0.0,0.0,0.0,0.0,0.0,0.0,0.0,0.0,0.0,0.0,0.0,0.0,0.0,0.0,0.0,0.0,0.0,0.0,0.0,0.0,0.0,0.0,0.0,0.0,0.0,0.0,0.0,0.0,0.0,0.0,0.0,0.0,0.0,0.0,0.0,0.0,0.0,0.0,0.0,0.0,0.0,0.0,0.0,0.0,0.0,0.0,0.0,0.0,0.0,0.0,0.0,1.0
1.0,0.9225013256072998,0.532335638999939,0.2987707257270813,0.3784072697162628,0.29021912813186646,0.21272046864032745,0.257616251707077,0.25387492775917053,0.24425441026687625,0.2683057188987732,0.26349544525146484,0.32068413496017456,0.28059861063957214,0.27525386214256287,0.30304649472236633,0.31480491161346436,0.34526991844177246,0.34580439329147333,0.33939069509506226,0.3682522773742676,0.3281667530536652,0.37145912647247314,0.34313201904296875,0.3025120198726654,0.3025120198726654,0.28433993458747864,0.29770177602767944,0.2800641357898712,0.2565473020076752,0.26937466859817505,0.2613575756549835,0.3003741204738617,0.26884019374847407,0.23570282757282257,0.2383752018213272,0.26082310080528254,0.29556387662887573,0.27685728669166565,0.2570817768573761,0.2565473020076752,0.24265098571777344,0.24853019416332245,0.24853019416332245,0.25440940260887146,0.2982362508773804,0.28808122873306274,0.31640833616256714,0.32549437880516047,0.3062533438205719,0.2907536029815674,0.2586852014064789,0.2870122790336609,0.25013360381126404,0.2725815176963806,0.24639230966567996,0.17637626826763153,0.1614110171794891,0.1624799519777298,0.17797969281673431,0.1774452179670334,0.1667557507753372,0.1416354924440384,0.10048102587461472,0.07055050879716873,0.010154996998608112,0.22875466942787168,0.7712453007698059,0.9160876274108887,0.7172635197639465,0.4115446209907532,0.3062533438205719,0.3345804512500763,0.1945483684539795,0.20523783564567563,0.25066807866096497,0.1998931020498276,0.2763228118419647,0.2522715032100677,0.2720470428466797,0.31266701221466064,0.27418494224548334,0.2939604520797729,0.30518439412117004,0.2720470428466797,0.27685728669166565,0.2832709848880768,0.3115980625152588,0.29609835147857666,0.2832709848880768,0.3067878186702728,0.24104756116867063,0.2656333446502685,0.22127205133438113,0.22180652618408203,0.29182255268096924,0.1950828433036804,0.23356494307518005,0.23516835272312164,0.2271512597799301,0.26937466859817505,0.2132549434900284,0.23570282757282257,0.2586852014064789,0.22127205133438113,0.22768573462963104,0.1929449439048767,0.18278995156288144,0.2185996770858765,0.1699625849723816,0.2132549434900284,0.19134153425693512,0.21913415193557736,0.24959914386272433,0.2570817768573761,0.3073222935199737,0.30144307017326355,0.29556387662887573,0.27525386214256287,0.257616251707077,0.22447888553142548,0.2346338927745819,0.23944415152072904,0.2271512597799301,0.1688936352729797,0.13575628399848935,0.12132549285888672,0.15446285903453827,0.1416354924440384,0.17851416766643524,0.14698022603988647,0.03794762119650841,0.030999464914202687,0.0,0.1699625849723816,0.5355424880981445,0.9123463630676268,0.849278450012207,0.44735434651374817,0.2148583680391312,0.3046499192714691,0.19615179300308228,0.10742918401956558,0.15392838418483734,0.15232495963573456,0.15766969323158264,0.12934260070323944,0.1892036348581314,0.14644575119018555,0.13789416849613187,0.19347941875457764,0.1475147008895874,0.21432389318943024,0.15446285903453827,0.17263495922088623,0.1998931020498276,0.14270444214344025,0.19561731815338132,0.1437733769416809,0.15072153508663175,0.17370390892028809,0.12613575160503387,0.0,0.0,0.0,0.0,0.0,0.0,0.0,0.0,0.0,0.0,0.0,0.0,0.0,0.0,0.0,0.0,0.0,0.0,0.0,0.0,0.0,0.0,0.0,0.0,0.0,1.0
0.7806335687637329,1.0,0.5869694948196411,0.14644351601600647,0.09802749752998352,0.2145845741033554,0.26838016510009766,0.3054393231868744,0.3114166259765625,0.3221757411956787,0.32875075936317444,0.3215779960155487,0.3365212082862854,0.3317393958568573,0.33293485641479487,0.3359234929084778,0.33233711123466486,0.3413030505180359,0.32396891713142395,0.31978482007980347,0.3317393958568573,0.33950987458229065,0.3317393958568573,0.3257620930671692,0.32934847474098206,0.32815301418304443,0.31858935952186584,0.3209802806377411,0.2898983955383301,0.2749551832675934,0.2701733410358429,0.2797369956970215,0.3000597655773163,0.315002977848053,0.3305439352989197,0.34429168701171875,0.3508667051792145,0.3419007658958435,0.33472803235054016,0.3245666325092316,0.34907352924346924,0.3508667051792145,0.3514644205570221,0.34907352924346924,0.3520621657371521,0.34967124462127686,0.34907352924346924,0.3520621657371521,0.3419007658958435,0.34309622645378113,0.3359234929084778,0.35564854741096497,0.3472803235054016,0.3299461901187897,0.33950987458229065,0.33472803235054016,0.3167961835861206,0.3317393958568573,0.30842795968055725,0.3215779960155487,0.31918707489967346,0.34907352924346924,0.3765690326690674,0.3855349719524384,0.3921099901199341,0.3927077054977417,0.3891213536262512,0.4106395840644837,0.37895995378494257,0.35505080223083496,0.37895995378494257,0.3454871475696564,0.3221757411956787,0.29408249258995056,0.2898983955383301,0.26778241991996765,0.27256426215171814,0.27854153513908386,0.25343695282936096,0.2653914988040924,0.2803347408771515,0.27136880159378046,0.235505074262619,0.13687986135482788,0.22235505282878876,0.5552899241447449,0.9581589698791506,0.7704722285270691,0.27375972270965576,0.0,0.14465032517910004,0.21338912844657895,0.27854153513908386,0.26838016510009766,0.2904961109161377,0.2958756685256958,0.29288703203201294,0.306634783744812,0.27794381976127625,0.30304840207099915,0.3000597655773163,0.29766884446144104,0.3275552988052368,0.0,0.0,0.0,0.0,0.0,0.0,0.0,0.0,0.0,0.0,0.0,0.0,0.0,0.0,0.0,0.0,0.0,0.0,0.0,0.0,0.0,0.0,0.0,0.0,0.0,0.0,0.0,0.0,0.0,0.0,0.0,0.0,0.0,0.0,0.0,0.0,0.0,0.0,0.0,0.0,0.0,0.0,0.0,0.0,0.0,0.0,0.0,0.0,0.0,0.0,0.0,0.0,0.0,0.0,0.0,0.0,0.0,0.0,0.0,0.0,0.0,0.0,0.0,0.0,0.0,0.0,0.0,0.0,0.0,0.0,0.0,0.0,0.0,0.0,0.0,0.0,0.0,0.0,0.0,0.0,0.0,0.0,0.0,0.0,1.0
1.0,0.7867450714111328,0.4029930531978607,0.1817210018634796,0.1721004843711853,0.15606626868247983,0.1117049679160118,0.13201496005058289,0.10261891782283782,0.12185996770858765,0.12132549285888672,0.1288081258535385,0.1667557507753372,0.15553179383277893,0.18973810970783236,0.19615179300308228,0.19935862720012665,0.2271512597799301,0.228220209479332,0.26028862595558167,0.26777124404907227,0.26028862595558167,0.3073222935199737,0.2832709848880768,0.31747728586196894,0.32282203435897827,0.3137359619140625,0.3287012279033661,0.2832709848880768,0.28808122873306274,0.2592196762561798,0.2025654762983322,0.1945483684539795,0.1475147008895874,0.16354890167713165,0.13522180914878845,0.13041155040264127,0.14804917573928833,0.12987707555294037,0.1325494349002838,0.13468733429908752,0.12560127675533295,0.15446285903453827,0.1154462844133377,0.1400320678949356,0.14270444214344025,0.14430785179138184,0.17049705982208252,0.13308390974998474,0.1400320678949356,0.14858365058898923,0.125066801905632,0.1571352183818817,0.11491180956363677,0.13789416849613187,0.12560127675533295,0.10208445042371748,0.12773917615413663,0.10154997557401656,0.10315339267253876,0.09727418422698975,0.07055050879716873,0.1042223423719406,0.09353286772966383,0.12560127675533295,0.12185996770858765,0.10475681722164154,0.17637626826763153,0.17904864251613617,0.23142704367637637,0.2661678194999695,0.2650988698005676,0.27899518609046936,0.1400320678949356,0.10475681722164154,0.06306787580251694,0.0491715669631958,0.07856760919094084,0.042757883667945855,0.05611972138285637,0.05451630055904389,0.016568679362535477,0.0,0.12025655061006546,0.3730625212192536,0.9663281440734864,0.842864751815796,0.4665954113006592,0.2271512597799301,0.17316943407058716,0.1475147008895874,0.11384286731481552,0.11491180956363677,0.0983431339263916,0.12453233450651167,0.1362907588481903,0.1288081258535385,0.1549973338842392,0.1341528594493866,0.1624799519777298,0.1774452179670334,0.1662212759256363,0.0,0.0,0.0,0.0,0.0,0.0,0.0,0.0,0.0,0.0,0.0,0.0,0.0,0.0,0.0,0.0,0.0,0.0,0.0,0.0,0.0,0.0,0.0,0.0,0.0,0.0,0.0,0.0,0.0,0.0,0.0,0.0,0.0,0.0,0.0,0.0,0.0,0.0,0.0,0.0,0.0,0.0,0.0,0.0,0.0,0.0,0.0,0.0,0.0,0.0,0.0,0.0,0.0,0.0,0.0,0.0,0.0,0.0,0.0,0.0,0.0,0.0,0.0,0.0,0.0,0.0,0.0,0.0,0.0,0.0,0.0,0.0,0.0,0.0,0.0,0.0,0.0,0.0,0.0,0.0,0.0,0.0,0.0,0.0,0.0,1.0
1.0,0.5445246696472168,0.5234656929969788,0.04753309115767479,0.06197352707386017,0.18772563338279724,0.19915764033794403,0.1642599254846573,0.1967509090900421,0.18351383507251737,0.1871239542961121,0.22081829607486725,0.18592058122158048,0.2166064977645874,0.20818291604518888,0.2111913412809372,0.21600481867790225,0.2117930203676224,0.21600481867790225,0.20818291604518888,0.2214199751615524,0.2406738847494125,0.2454873621463776,0.27135980129241943,0.2803850769996643,0.3002406656742096,0.3555956780910492,0.3399518728256225,0.3754512667655945,0.3561973571777344,0.33754512667655945,0.3357400596141815,0.29602888226509094,0.3002406656742096,0.29843562841415405,0.2785800099372864,0.294223815202713,0.2864019274711609,0.3086642622947693,0.28700360655784607,0.2779783308506012,0.29843562841415405,0.28519856929779047,0.3068591952323913,0.29602888226509094,0.2894103527069092,0.29843562841415405,0.2725631892681122,0.2864019274711609,0.288808673620224,0.28700360655784607,0.28519856929779047,0.27135980129241943,0.33212995529174805,0.33754512667655945,0.333935022354126,0.3363417685031891,0.31227436661720276,0.3134777247905731,0.29302045702934265,0.2803850769996643,0.30986762046813965,0.2448856830596924,0.2551143169403076,0.2340553551912308,0.244283989071846,0.23465703427791595,0.189530685544014,0.21299639344215396,0.20336943864822388,0.3447653353214264,0.5270758271217345,0.9103489518165587,0.5770156383514404,0.5734055638313292,0.030084235593676567,0.0,0.116125151515007,0.15342959761619568,0.14380264282226562,0.15342959761619568,0.1666666716337204,0.1329723298549652,0.1504211723804474,0.13959085941314697,0.12575210630893707,0.12154031544923782,0.10168471932411192,0.13056558370590207,0.12033694237470625,0.10890493541955948,0.12936221063137054,0.09687124192714691,0.13718411326408386,0.13959085941314697,0.15463297069072723,0.17689530551433563,0.1780986785888672,0.2533092796802521,0.244283989071846,0.2448856830596924,0.2581227421760559,0.18050540983676913,0.20998796820640564,0.18471720814704892,0.19013236463069916,0.16004814207553864,0.144404336810112,0.18050540983676913,0.14861612021923065,0.16726835072040555,0.17930205166339874,0.17689530551433563,0.1642599254846573,0.15282791852951047,0.21600481867790225,0.2701564431190491,0.29843562841415405,0.31768953800201416,0.2894103527069092,0.22924187779426572,0.18652226030826569,0.1582430750131607,0.15944644808769226,0.13658243417739868,0.10589651018381117,0.049338147044181824,0.022864019498229023,0.03730445355176926,0.00601684721186757,0.0,0.0,0.0,0.0,0.0,0.0,0.0,0.0,0.0,0.0,0.0,0.0,0.0,0.0,0.0,0.0,0.0,0.0,0.0,0.0,0.0,0.0,0.0,0.0,0.0,0.0,0.0,0.0,0.0,0.0,0.0,0.0,0.0,0.0,0.0,0.0,0.0,0.0,0.0,0.0,0.0,0.0,0.0,0.0,0.0,0.0,0.0,0.0,0.0,0.0,0.0,0.0,0.0,0.0,0.0,0.0,0.0,1.0
0.9663865566253662,0.61654132604599,0.1419725716114044,0.0,0.1322423666715622,0.10039805620908736,0.09774436056613922,0.1039363145828247,0.05793896690011024,0.07607253640890121,0.07032286375761032,0.0712074339389801,0.10084033757448196,0.04909332096576691,0.06457319855690001,0.05263157933950424,0.04909332096576691,0.0716497153043747,0.03803626820445061,0.061919502913951874,0.0495356023311615,0.0712074339389801,0.1039363145828247,0.07739938050508499,0.1260504275560379,0.14153029024600983,0.1587793081998825,0.20654577016830444,0.1928350329399109,0.21450684964656827,0.19371959567070007,0.1928350329399109,0.20698805153369904,0.16674038767814636,0.18310482800006864,0.1866430789232254,0.18089340627193448,0.20566120743751523,0.16762495040893555,0.20168067514896393,0.1853162348270416,0.19239275157451627,0.21052631735801697,0.17868199944496155,0.2109685987234116,0.21760283410549164,0.23440955579280853,0.29057937860488886,0.25519680976867676,0.27244582772254944,0.26802298426628113,0.3020787239074707,0.31844317913055414,0.2100840359926224,0.21760283410549164,0.18133568763732913,0.1539141982793808,0.17425917088985443,0.12870411574840543,0.15568332374095917,0.1419725716114044,0.16850951313972473,0.17956656217575073,0.06899601966142654,0.0716497153043747,0.29942503571510315,0.573639988899231,1.0,0.634674906730652,0.1862007975578308,0.016364440321922302,0.131357803940773,0.15037593245506287,0.10570544004440308,0.1154356449842453,0.09907120466232301,0.0933215394616127,0.11676249653100967,0.09111012518405913,0.10659000277519226,0.0,0.0,0.0,0.0,0.0,0.0,0.0,0.0,0.0,0.0,0.0,0.0,0.0,0.0,0.0,0.0,0.0,0.0,0.0,0.0,0.0,0.0,0.0,0.0,0.0,0.0,0.0,0.0,0.0,0.0,0.0,0.0,0.0,0.0,0.0,0.0,0.0,0.0,0.0,0.0,0.0,0.0,0.0,0.0,0.0,0.0,0.0,0.0,0.0,0.0,0.0,0.0,0.0,0.0,0.0,0.0,0.0,0.0,0.0,0.0,0.0,0.0,0.0,0.0,0.0,0.0,0.0,0.0,0.0,0.0,0.0,0.0,0.0,0.0,0.0,0.0,0.0,0.0,0.0,0.0,0.0,0.0,0.0,0.0,0.0,0.0,0.0,0.0,0.0,0.0,0.0,0.0,0.0,0.0,0.0,0.0,0.0,0.0,0.0,0.0,0.0,0.0,0.0,0.0,0.0,0.0,0.0,1.0
0.949999988079071,0.972697377204895,0.5161184072494507,0.27105262875556946,0.11842105537652968,0.07072368264198303,0.05230263248085976,0.04210526496171951,0.024013157933950424,0.02006579004228115,0.01710526272654533,0.014802631922066212,0.026644736528396606,0.02072368375957012,0.02138157933950424,0.014802631922066212,0.009868420660495758,0.0,0.023355262354016304,0.01940789446234703,0.03519736975431442,0.04671052470803261,0.07960526645183563,0.102631576359272,0.13651315867900848,0.17499999701976776,0.2236842066049576,0.2657894790172577,0.3009868562221527,0.29309210181236267,0.24276316165924072,0.19506579637527463,0.16447368264198303,0.13519737124443054,0.11282894760370255,0.102631576359272,0.09736841917037965,0.09802631288766862,0.09638158231973648,0.10098684579133987,0.08848684281110764,0.09013158082962035,0.09210526198148727,0.09736841917037965,0.08059210330247879,0.09802631288766862,0.08486842364072798,0.0782894715666771,0.09276315569877625,0.08552631735801695,0.07171052694320679,0.0782894715666771,0.07796052843332289,0.07467105239629745,0.07006578892469406,0.07927631586790083,0.07664473354816435,0.08157894760370255,0.07796052843332289,0.07500000298023222,0.06842105090618134,0.09440789371728896,0.08947368711233139,0.1180921047925949,0.12730263173580167,0.13486842811107635,0.1743421107530594,0.15756578743457794,0.1855263113975525,0.15855263173580167,0.1450657844543457,0.1246710494160652,0.09309210628271104,0.05690789595246315,0.06611841917037964,0.04802631586790085,0.05526315793395042,0.04144736751914024,0.04276315867900848,0.038486842066049576,0.03256579115986824,0.032894738018512726,0.04276315867900848,0.029605263844132423,0.1532894670963287,0.4480263292789459,0.6338815689086914,0.7980263233184814,1.0,0.8598684072494506,0.38519737124443054,0.20131579041481015,0.09375,0.061513159424066544,0.04111842066049576,0.032236840575933456,0.028947368264198303,0.03519736975431442,0.028947368264198303,0.028618421405553814,0.02434210479259491,0.02138157933950424,0.03453947231173515,0.030263157561421394,0.037828948348760605,0.0,0.0,0.0,0.0,0.0,0.0,0.0,0.0,0.0,0.0,0.0,0.0,0.0,0.0,0.0,0.0,0.0,0.0,0.0,0.0,0.0,0.0,0.0,0.0,0.0,0.0,0.0,0.0,0.0,0.0,0.0,0.0,0.0,0.0,0.0,0.0,0.0,0.0,0.0,0.0,0.0,0.0,0.0,0.0,0.0,0.0,0.0,0.0,0.0,0.0,0.0,0.0,0.0,0.0,0.0,0.0,0.0,0.0,0.0,0.0,0.0,0.0,0.0,0.0,0.0,0.0,0.0,0.0,0.0,0.0,0.0,0.0,0.0,0.0,0.0,0.0,0.0,0.0,0.0,0.0,0.0,0.0,1.0
1.0,0.2643410861492157,0.1782945692539215,0.0,0.12713178992271423,0.25968992710113525,0.24186046421527865,0.3062015473842621,0.2635658979415893,0.2868216931819916,0.30465117096900934,0.2705426216125488,0.33643409609794617,0.27674418687820435,0.31162789463996887,0.33643409609794617,0.3100775182247162,0.37209302186965937,0.34108528494834894,0.3751938045024872,0.41007751226425165,0.3922480642795562,0.48604652285575867,0.46589148044586176,0.5325581431388855,0.5906976461410521,0.6000000238418579,0.679069757461548,0.6612403392791748,0.6984496116638184,0.708527147769928,0.6465116143226624,0.6542635560035706,0.5558139681816101,0.5147286653518677,0.4674418568611145,0.36666667461395264,0.3860464990139008,0.3007752001285553,0.30542635917663574,0.2945736348628998,0.24031007289886477,0.302325576543808,0.2550387680530548,0.2697674334049225,0.28914728760719294,0.2395348846912384,0.2945736348628998,0.25581395626068115,0.27286821603775024,0.28062015771865845,0.22713178396224973,0.2829457223415375,0.2449612468481064,0.2565891444683075,0.262790709733963,0.21782945096492767,0.2744185924530029,0.22713178396224973,0.2263565957546234,0.2449612468481064,0.197674423456192,0.25348836183547974,0.20930232107639313,0.2317829430103302,0.24341085553169248,0.2023255825042725,0.2666666805744171,0.2503876090049744,0.3441860377788544,0.3906976878643036,0.3356589078903198,0.39844959974288946,0.367441862821579,0.33255812525749207,0.302325576543808,0.25426357984542847,0.31162789463996887,0.24186046421527865,0.22558139264583588,0.21782945096492767,0.1875969022512436,0.25348836183547974,0.2139534950256348,0.22093023359775543,0.210852712392807,0.15581394731998444,0.2984496057033539,0.3062015473842621,0.37364339828491205,0.9666666388511655,0.3767441809177399,0.1496123969554901,0.0031007751822471614,0.096124030649662,0.24806201457977292,0.22480620443820956,0.29767441749572754,0.2387596964836121,0.24806201457977292,0.27906978130340576,0.24806201457977292,0.30387598276138306,0.27674418687820435,0.2775193750858307,0.3069767355918884,0.2844961285591125,0.0,0.0,0.0,0.0,0.0,0.0,0.0,0.0,0.0,0.0,0.0,0.0,0.0,0.0,0.0,0.0,0.0,0.0,0.0,0.0,0.0,0.0,0.0,0.0,0.0,0.0,0.0,0.0,0.0,0.0,0.0,0.0,0.0,0.0,0.0,0.0,0.0,0.0,0.0,0.0,0.0,0.0,0.0,0.0,0.0,0.0,0.0,0.0,0.0,0.0,0.0,0.0,0.0,0.0,0.0,0.0,0.0,0.0,0.0,0.0,0.0,0.0,0.0,0.0,0.0,0.0,0.0,0.0,0.0,0.0,0.0,0.0,0.0,0.0,0.0,0.0,0.0,0.0,0.0,0.0,1.0
0.9778905510902404,1.0,0.9807901382446288,0.6788691282272339,0.3620877265930176,0.11888365447521208,0.010873504914343355,0.08155128359794615,0.2000724971294403,0.3559260666370392,0.4762594997882843,0.5929684638977051,0.6832185387611389,0.7187386751174927,0.7223631739616394,0.7187386751174927,0.7227256298065186,0.7350489497184753,0.7335991263389587,0.7354114055633546,0.7437477111816406,0.7495469450950623,0.7448350787162781,0.7437477111816406,0.7513591647148131,0.7629575729370117,0.7629575729370117,0.7803552150726318,0.7861543893814088,0.7959405779838562,0.8122507929801941,0.8234867453575134,0.8300108909606932,0.8426966071128845,0.8474084734916686,0.8528452515602112,0.8463211059570312,0.8379848003387451,0.8151504397392274,0.7941282987594604,0.768031895160675,0.7520840764045715,0.7502718567848204,0.7314244508743286,0.7339615821838379,0.7354114055633546,0.7056904435157776,0.7165639996528625,0.7078651785850525,0.7075027227401732,0.7133018970489502,0.7056904435157776,0.7252627611160278,0.7143892645835876,0.7136643528938292,0.7191011309623718,0.7162015438079834,0.7180137634277344,0.7191011309623718,0.7252627611160278,0.723812997341156,0.7404856681823729,0.7375860810279846,0.7419354915618896,0.7459224462509155,0.7473722100257874,0.7441101670265197,0.7267125844955443,0.7140268087387085,0.6998912692070007,0.6922798156738281,0.6988039016723633,0.7216382622718811,0.7104023098945618,0.7187386751174927,0.7223631739616394,0.721275806427002,0.7136643528938292,0.7118521332740784,0.724175453186035,0.7252627611160278,0.7172888517379761,0.7133018970489502,0.7107647657394409,0.7350489497184753,0.7799927592277527,0.8912649750709533,0.9909387230873109,0.9974628686904908,0.9601304531097411,0.6060166954994202,0.313156932592392,0.09677419066429138,0.0,0.10402319580316544,0.22435665130615237,0.35628852248191833,0.48858281970024103,0.6081913709640503,0.691917359828949,0.7042406797409058,0.7071402668952942,0.7227256298065186,0.7162015438079834,0.0,0.0,0.0,0.0,0.0,0.0,0.0,0.0,0.0,0.0,0.0,0.0,0.0,0.0,0.0,0.0,0.0,0.0,0.0,0.0,0.0,0.0,0.0,0.0,0.0,0.0,0.0,0.0,0.0,0.0,0.0,0.0,0.0,0.0,0.0,0.0,0.0,0.0,0.0,0.0,0.0,0.0,0.0,0.0,0.0,0.0,0.0,0.0,0.0,0.0,0.0,0.0,0.0,0.0,0.0,0.0,0.0,0.0,0.0,0.0,0.0,0.0,0.0,0.0,0.0,0.0,0.0,0.0,0.0,0.0,0.0,0.0,0.0,0.0,0.0,0.0,0.0,0.0,0.0,0.0,0.0,0.0,0.0,1.0
0.9079721570014953,0.2974852919578552,0.0,0.06046013906598091,0.08293204754590988,0.08346709609031677,0.08400213718414305,0.1359015554189682,0.09095773100852966,0.11235955357551573,0.08721241354942322,0.141787052154541,0.12680578231811523,0.09042268246412276,0.12627072632312775,0.12520064413547516,0.1492776870727539,0.15890850126743317,0.11985018849372864,0.15141786634922028,0.16639915108680725,0.15730337798595428,0.20010700821876523,0.18512573838233948,0.25628677010536194,0.2525414526462555,0.2520064115524292,0.2915997803211212,0.2803638279438019,0.2980203330516815,0.2921348214149475,0.2734082341194153,0.3226324319839477,0.2921348214149475,0.32049223780632013,0.29695025086402893,0.30658105015754694,0.2718031108379364,0.21936865150928497,0.2172284573316574,0.22792936861515045,0.2097378224134445,0.2124130576848984,0.1765650063753128,0.230069562792778,0.20599250495433807,0.20866774022579196,0.2461209148168564,0.1894060969352722,0.22846442461013797,0.20385232567787168,0.20866774022579196,0.24826110899448395,0.2017121464014053,0.2306046038866043,0.17817014455795288,0.1958266496658325,0.20813268423080444,0.16853933036327362,0.20920278131961825,0.17281968891620636,0.1878009587526321,0.2017121464014053,0.16907437145709991,0.22257891297340396,0.20385232567787168,0.17870518565177915,0.22899946570396423,0.230069562792778,0.2659175992012024,0.28999465703964233,0.26912787556648254,0.3253076374530792,0.2434456944465637,0.2600321173667908,0.2306046038866043,0.2022471874952316,0.18031032383441925,0.13322632014751434,0.13804173469543457,0.12145532667636871,0.1155698224902153,0.13750669360160828,0.11182450503110884,0.14660246670246124,0.13429641723632812,0.061530228704214096,0.1284109205007553,0.2322097420692444,0.6934189200401306,1.0,0.6254681944847107,0.16800427436828613,0.09791332483291626,0.20278224349021912,0.1958266496658325,0.18084536492824557,0.21669341623783112,0.18031032383441925,0.22364901006221768,0.21401819586753845,0.20117710530757904,0.24398073554039,0.23488496243953705,0.26217228174209595,0.2568218410015106,0.2578919231891632,0.31086140871047974,0.2578919231891632,0.0,0.0,0.0,0.0,0.0,0.0,0.0,0.0,0.0,0.0,0.0,0.0,0.0,0.0,0.0,0.0,0.0,0.0,0.0,0.0,0.0,0.0,0.0,0.0,0.0,0.0,0.0,0.0,0.0,0.0,0.0,0.0,0.0,0.0,0.0,0.0,0.0,0.0,0.0,0.0,0.0,0.0,0.0,0.0,0.0,0.0,0.0,0.0,0.0,0.0,0.0,0.0,0.0,0.0,0.0,0.0,0.0,0.0,0.0,0.0,0.0,0.0,0.0,0.0,0.0,0.0,0.0,0.0,0.0,0.0,0.0,0.0,0.0,0.0,0.0,0.0,0.0,0.0,1.0
0.9489583373069763,0.46562498807907104,0.22343750298023224,0.0,0.09114583581686019,0.15312500298023224,0.19322916865348813,0.21041665971279144,0.1953125,0.22187499701976776,0.22291666269302368,0.2239583283662796,0.23489584028720853,0.23489584028720853,0.22604165971279144,0.234375,0.23645833134651184,0.24791666865348813,0.24166665971279144,0.23541666567325592,0.24895833432674408,0.2557291686534881,0.2671875059604645,0.2645833194255829,0.28177082538604736,0.2947916686534881,0.2979166805744171,0.3083333373069763,0.3296875059604645,0.33802083134651184,0.34427082538604736,0.35624998807907104,0.36666667461395264,0.36250001192092896,0.3697916567325592,0.3671875,0.36510416865348816,0.3572916686534881,0.34843748807907104,0.3140625059604645,0.3156250119209289,0.30156248807907104,0.2921875119209289,0.28125,0.2708333432674408,0.26249998807907104,0.2687500119209289,0.26249998807907104,0.24687500298023224,0.2609375119209289,0.2630208432674408,0.2552083432674408,0.2557291686534881,0.2473958283662796,0.26770833134651184,0.25989583134651184,0.2708333432674408,0.2718749940395355,0.2640624940395355,0.2640624940395355,0.27291667461395264,0.2692708373069763,0.27291667461395264,0.2687500119209289,0.2687500119209289,0.2630208432674408,0.26614582538604736,0.26614582538604736,0.2671875059604645,0.26510417461395264,0.2609375119209289,0.2708333432674408,0.2635416686534881,0.2682291567325592,0.2682291567325592,0.2760416567325592,0.2744791805744171,0.26614582538604736,0.2848958373069763,0.27812498807907104,0.26614582538604736,0.2671875059604645,0.27031248807907104,0.2630208432674408,0.2645833194255829,0.2671875059604645,0.2723958194255829,0.2718749940395355,0.2734375,0.265625,0.2708333432674408,0.2671875059604645,0.2765625119209289,0.2682291567325592,0.2750000059604645,0.2630208432674408,0.2635416686534881,0.2765625119209289,0.2718749940395355,0.2692708373069763,0.2901041805744171,0.29895833134651184,0.3104166686534881,0.3031249940395355,0.3000000119209289,0.3125,0.3218750059604645,0.3291666805744171,0.33541667461395264,0.3385416567325592,0.3244791626930237,0.3333333432674408,0.3369791805744171,0.30677083134651184,0.28593748807907104,0.2734375,0.27031248807907104,0.2776041626930237,0.2760416567325592,0.2708333432674408,0.2765625119209289,0.2666666805744171,0.2697916626930237,0.2708333432674408,0.2791666686534881,0.24635416269302368,0.18072916567325592,0.2880208194255829,0.6390625238418579,1.0,0.5286458134651184,0.3000000119209289,0.07135416567325592,0.15781250596046448,0.2369791716337204,0.2640624940395355,0.28593748807907104,0.2906250059604645,0.2890625,0.2947916686534881,0.3020833432674408,0.3078125119209289,0.2984375059604645,0.3078125119209289,0.3046875,0.3104166686534881,0.31458333134651184,0.3270833194255829,0.3135416805744171,0.3234375119209289,0.33541667461395264,0.3317708373069763,0.32864582538604736,0.3468750119209289,0.3578124940395355,0.36927083134651184,0.38333332538604736,0.40312498807907104,0.40052083134651184,0.0,0.0,0.0,0.0,0.0,0.0,0.0,0.0,0.0,0.0,0.0,0.0,0.0,0.0,0.0,0.0,0.0,0.0,0.0,0.0,0.0,0.0,0.0,0.0,0.0,0.0,0.0,0.0,1.0
0.935852825641632,0.7961213588714598,0.6374937891960144,0.3460964560508728,0.030830431729555127,0.04823470860719681,0.09348582476377489,0.14271506667137146,0.15813028812408447,0.17006464302539823,0.18896071612834928,0.17652909457683563,0.1994032859802246,0.17404276132583618,0.17951267957687375,0.2113376408815384,0.18697164952754972,0.21332670748233795,0.1884634494781494,0.20089507102966309,0.2267528623342514,0.2148184925317764,0.25161612033843994,0.22426652908325195,0.23470909893512723,0.2560915052890777,0.23918448388576508,0.2695176601409912,0.24564893543720245,0.2645449936389923,0.2764793634414673,0.26852312684059143,0.29239183664321894,0.25957235693931574,0.2670313417911529,0.276976615190506,0.2332172989845276,0.24714072048664093,0.2103431075811386,0.2033814042806625,0.2048732042312622,0.16558925807476044,0.18796618282794952,0.14072600007057187,0.1511685699224472,0.16459472477436063,0.13177523016929626,0.17056190967559814,0.14221780002117157,0.15365490317344663,0.16757832467556,0.14072600007057187,0.18547986447811127,0.16011933982372284,0.16608652472496033,0.1829935312271118,0.1511685699224472,0.1924415677785873,0.15166583657264707,0.1616111397743225,0.17603182792663574,0.15017403662204742,0.1914470344781876,0.14370959997177124,0.16509199142456055,0.17056190967559814,0.13276976346969604,0.16558925807476044,0.13525609672069547,0.15514668822288513,0.16558925807476044,0.13177523016929626,0.1670810580253601,0.13774241507053375,0.14818498492240903,0.1561412215232849,0.13078071177005768,0.15166583657264707,0.12630532681941986,0.1402287483215332,0.14967678487300873,0.1243162602186203,0.17155644297599792,0.15017403662204742,0.18100447952747345,0.21233217418193817,0.17454002797603607,0.2222774773836136,0.23818995058536527,0.27051219344139094,0.25758329033851624,0.22178021073341367,0.18647439777851105,0.16360019147396088,0.1397314816713333,0.13575336337089539,0.0969666838645935,0.1133764311671257,0.08155146986246109,0.0964694172143936,0.09895574301481248,0.07807061076164244,0.07807061076164244,0.004475385416299105,0.1725509762763977,0.39980110526084894,0.6688214540481567,1.0,0.778717041015625,0.5743411183357239,0.243162602186203,0.0,0.07707608491182326,0.08901043981313705,0.14172053337097168,0.1730482280254364,0.14818498492240903,0.17105917632579803,0.14221780002117157,0.1775236129760742,0.178518146276474,0.1571357548236847,0.19343610107898712,0.1680755913257599,0.1829935312271118,0.20139233767986295,0.17652909457683563,0.21382397413253784,0.19741421937942505,0.0,0.0,0.0,0.0,0.0,0.0,0.0,0.0,0.0,0.0,0.0,0.0,0.0,0.0,0.0,0.0,0.0,0.0,0.0,0.0,0.0,0.0,0.0,0.0,0.0,0.0,0.0,0.0,0.0,0.0,0.0,0.0,0.0,0.0,0.0,0.0,0.0,0.0,0.0,0.0,0.0,0.0,0.0,0.0,0.0,0.0,0.0,0.0,0.0,0.0,0.0,0.0,0.0,0.0,0.0,0.0,0.0,0.0,1.0
0.9502529501914978,0.5113828182220458,0.11720067262649536,0.009696458466351032,0.0497470498085022,0.00505902199074626,0.022344013676047325,0.028667790815234184,0.03077571652829647,0.019392916932702065,0.006323777604848146,0.01475548092275858,0.024873524904251095,0.025295110419392582,0.024030353873968124,0.007588532753288746,0.026138279587030407,0.03372681140899658,0.03709949553012848,0.05522765591740608,0.03499156981706619,0.052276559174060815,0.0678752139210701,0.06871838122606277,0.0927487388253212,0.07209106534719467,0.08895447105169296,0.08853287994861601,0.08178751915693283,0.09443507343530656,0.06829679757356644,0.07546374201774597,0.06576728820800781,0.05101180449128151,0.05564923956990241,0.02192242816090584,0.03667790815234184,0.03583473712205887,0.03119730204343796,0.048482295125722885,0.015598651021718977,0.030354131013154984,0.04215851426124573,0.04215851426124573,0.06239460408687592,0.028667790815234184,0.04679595306515694,0.04215851426124573,0.04595278203487396,0.05817875266075134,0.026981450617313385,0.04932546243071556,0.054806072264909744,0.052276559174060815,0.06492411345243454,0.033305227756500244,0.05691399797797203,0.05185497552156448,0.04215851426124573,0.06028667837381362,0.028246205300092697,0.04763912409543991,0.050168633460998535,0.04426643997430801,0.06028667837381362,0.028246205300092697,0.04468802735209465,0.05269814655184746,0.08178751915693283,0.12015177309513092,0.07504215836524963,0.0994940996170044,0.10919055342674255,0.12015177309513092,0.14418213069438934,0.1188870146870613,0.13195616006851196,0.1087689697742462,0.07082630693912506,0.07715008407831192,0.03878583386540413,0.04258010163903236,0.04342327266931534,0.023187184706330296,0.04595278203487396,0.005902192089706659,0.020657673478126522,0.026559865102171894,0.01981450244784355,0.04342327266931534,0.016441822052001953,0.020657673478126522,0.0,0.14671163260936737,0.4249578416347504,0.7289207577705382,1.0,0.7786678075790405,0.23861719667911527,0.0792580097913742,0.05775716528296471,0.0779932513833046,0.07715008407831192,0.08136593550443649,0.09907251596450803,0.06155143305659294,0.08516020327806471,0.08853287994861601,0.08431702852249146,0.10539629310369492,0.07967959344387054,0.10160202533006668,0.1108768954873085,0.0893760547041893,0.12858347594738007,0.10244519263505936,0.1302698105573654,0.13490724563598633,0.0,0.0,0.0,0.0,0.0,0.0,0.0,0.0,0.0,0.0,0.0,0.0,0.0,0.0,0.0,0.0,0.0,0.0,0.0,0.0,0.0,0.0,0.0,0.0,0.0,0.0,0.0,0.0,0.0,0.0,0.0,0.0,0.0,0.0,0.0,0.0,0.0,0.0,0.0,0.0,0.0,0.0,0.0,0.0,0.0,0.0,0.0,0.0,0.0,0.0,0.0,0.0,0.0,0.0,0.0,0.0,0.0,0.0,0.0,0.0,0.0,0.0,0.0,0.0,0.0,0.0,0.0,0.0,0.0,1.0
0.9710766077041626,0.893411874771118,0.595072329044342,0.4525977373123169,0.27637922763824463,0.208355650305748,0.1322977989912033,0.09641135483980179,0.11997857689857482,0.09426888078451155,0.12212105095386504,0.11730048060417177,0.12801285088062286,0.11837171763181686,0.1023031622171402,0.1178361028432846,0.13818961381912231,0.13818961381912231,0.152651309967041,0.1274772435426712,0.14140331745147705,0.16871987283229828,0.1821103394031525,0.22495983541011808,0.2501339018344879,0.23674343526363367,0.2329941093921661,0.25602570176124567,0.2565613389015198,0.2806641757488251,0.2854847311973572,0.27262988686561584,0.2608462870121002,0.25549009442329407,0.23031601309776303,0.2313872575759888,0.19764328002929688,0.17836101353168488,0.19175148010253903,0.1564006358385086,0.1928227096796036,0.16336368024349213,0.1708623468875885,0.16818425059318542,0.17139796912670135,0.21906802058219907,0.2153186947107315,0.24156400561332703,0.22495983541011808,0.23085163533687592,0.25281199812889094,0.23513658344745636,0.24745580554008484,0.2576325535774231,0.22710230946540833,0.2383503019809723,0.2453133314847946,0.2501339018344879,0.26191750168800354,0.22174611687660217,0.25281199812889094,0.24852705001831052,0.2512051463127136,0.24156400561332703,0.22656668722629547,0.2206748723983765,0.22281736135482788,0.2297803908586502,0.216389924287796,0.18103909492492676,0.17728976905345917,0.15747188031673431,0.152651309967041,0.1788966208696365,0.1419389396905899,0.1853240430355072,0.20514193177223203,0.2104981243610382,0.1912158578634262,0.1928227096796036,0.2297803908586502,0.17139796912670135,0.1596143543720245,0.1671130210161209,0.16818425059318542,0.1649705469608307,0.12694162130355835,0.09908945113420486,0.11140868067741394,0.07552222907543182,0.0637386217713356,0.05570434033870697,0.04874129593372345,0.04767005890607834,0.01124799158424139,0.044456347823143005,0.01660417765378952,0.0,0.03642206639051437,0.07766470313072205,0.3454740345478058,0.8200321197509765,1.0,0.7005891799926758,0.42581680417060846,0.2860203683376312,0.21853239834308624,0.12801285088062286,0.06802356988191605,0.06480985879898071,0.0385645404458046,0.06588109582662582,0.05516871809959412,0.05302624404430389,0.07498660683631897,0.0589180514216423,0.05731119588017464,0.07927155494689941,0.07230851799249649,0.08998393267393112,0.1033743992447853,0.11890733987092972,0.0,0.0,0.0,0.0,0.0,0.0,0.0,0.0,0.0,0.0,0.0,0.0,0.0,0.0,0.0,0.0,0.0,0.0,0.0,0.0,0.0,0.0,0.0,0.0,0.0,0.0,0.0,0.0,0.0,0.0,0.0,0.0,0.0,0.0,0.0,0.0,0.0,0.0,0.0,0.0,0.0,0.0,0.0,0.0,0.0,0.0,0.0,0.0,0.0,0.0,0.0,0.0,0.0,0.0,0.0,0.0,0.0,0.0,0.0,0.0,0.0,0.0,0.0,0.0,0.0,1.0
0.9754540920257568,0.8001963496208192,0.37849777936935425,0.04761904850602149,0.0,0.13942071795463562,0.17231222987174988,0.28375062346458435,0.3637702465057373,0.3829160630702973,0.4069710373878479,0.38831615447998047,0.38929799199104315,0.4315169453620911,0.4148257374763489,0.45655375719070435,0.4536082446575165,0.47177222371101374,0.4653902649879456,0.4810996651649475,0.5115365982055664,0.5012273192405701,0.5169366598129272,0.5203731060028076,0.522827684879303,0.5090819597244263,0.4992636144161224,0.47569954395294184,0.4590083360671997,0.44673538208007807,0.4251350164413452,0.41335296630859375,0.39077073335647583,0.418753057718277,0.38242512941360474,0.40844377875328064,0.41580757498741144,0.42317134141922,0.41188022494316096,0.4457535445690155,0.4442808032035828,0.4442808032035828,0.46097201108932495,0.4624447822570801,0.5041728019714355,0.5581737756729126,0.57731956243515,0.5974472165107727,0.608738362789154,0.6254295706748961,0.6131566166877747,0.6858124732971193,0.6431025862693787,0.584683358669281,0.5522827506065369,0.522827684879303,0.48060873150825506,0.4344624578952789,0.4108983874320984,0.43004417419433594,0.4177712202072144,0.41580757498741144,0.4059891998767853,0.3981344997882843,0.4162984788417816,0.3888070583343506,0.4020618498325348,0.37162494659423834,0.43593519926071167,0.5527737140655518,0.8502700328826904,1.0,0.5797742009162903,0.29160529375076294,0.07020127773284912,0.11782032251358032,0.1467844843864441,0.22729504108428955,0.3495336174964905,0.3863524794578552,0.38831615447998047,0.39126166701316833,0.4202258288860321,0.4172803163528442,0.0,0.0,0.0,0.0,0.0,0.0,0.0,0.0,0.0,0.0,0.0,0.0,0.0,0.0,0.0,0.0,0.0,0.0,0.0,0.0,0.0,0.0,0.0,0.0,0.0,0.0,0.0,0.0,0.0,0.0,0.0,0.0,0.0,0.0,0.0,0.0,0.0,0.0,0.0,0.0,0.0,0.0,0.0,0.0,0.0,0.0,0.0,0.0,0.0,0.0,0.0,0.0,0.0,0.0,0.0,0.0,0.0,0.0,0.0,0.0,0.0,0.0,0.0,0.0,0.0,0.0,0.0,0.0,0.0,0.0,0.0,0.0,0.0,0.0,0.0,0.0,0.0,0.0,0.0,0.0,0.0,0.0,0.0,0.0,0.0,0.0,0.0,0.0,0.0,0.0,0.0,0.0,0.0,0.0,0.0,0.0,0.0,0.0,0.0,0.0,0.0,0.0,0.0,1.0
0.9772818088531494,0.8680749535560608,0.006775607820600271,0.02550817094743252,0.27142286300659174,0.48465523123741144,0.4850538074970245,0.47548824548721313,0.487445205450058,0.48903945088386536,0.48465523123741144,0.4902351498603821,0.5001992583274841,0.4942207932472229,0.49182942509651184,0.5017935633659363,0.4894380271434784,0.5081706047058105,0.5041849613189697,0.49182942509651184,0.5137504935264587,0.504583477973938,0.5145476460456848,0.5097648501396179,0.510163426399231,0.5129533410072327,0.5085691213607788,0.497807890176773,0.47708249092102045,0.4559585452079773,0.4440015852451325,0.41729772090911865,0.4109206795692444,0.39059385657310486,0.3694699108600616,0.368672788143158,0.36827421188354487,0.3766440749168396,0.387006789445877,0.4057393372058869,0.4340374767780304,0.44599440693855286,0.4734954237937927,0.4655241072177887,0.4866480529308319,0.4986050128936768,0.504583477973938,0.5025906562805176,0.49820646643638605,0.49980071187019354,0.5089676976203918,0.5053806304931641,0.5093662738800049,0.4842566847801208,0.4954164922237396,0.5069748759269713,0.5053806304931641,0.5189318656921387,0.5233160853385925,0.5548027157783508,0.5575926899909973,0.5787166357040405,0.5787166357040405,0.5300916433334352,0.5077720284461975,0.5312873721122742,0.50617778301239,0.5344758629798889,0.5089676976203918,0.5089676976203918,0.4970107674598694,0.48465523123741144,0.48824232816696167,0.4579513669013977,0.4778796434402466,0.5065762996673584,0.4806695878505706,0.5117576718330383,0.5878835916519165,0.6803507208824158,0.813870072364807,1.0,0.6747708320617676,0.0,0.16859306395053864,0.43244320154190063,0.5157433152198792,0.5037863850593567,0.4926265478134155,0.505779206752777,0.5177361369132996,0.5005978345870972,0.5141490697860718,0.5109605193138123,0.5257074236869812,0.5300916433334352,0.5117576718330383,0.5312873721122742,0.505779206752777,0.5173375606536865,0.0,0.0,0.0,0.0,0.0,0.0,0.0,0.0,0.0,0.0,0.0,0.0,0.0,0.0,0.0,0.0,0.0,0.0,0.0,0.0,0.0,0.0,0.0,0.0,0.0,0.0,0.0,0.0,0.0,0.0,0.0,0.0,0.0,0.0,0.0,0.0,0.0,0.0,0.0,0.0,0.0,0.0,0.0,0.0,0.0,0.0,0.0,0.0,0.0,0.0,0.0,0.0,0.0,0.0,0.0,0.0,0.0,0.0,0.0,0.0,0.0,0.0,0.0,0.0,0.0,0.0,0.0,0.0,0.0,0.0,0.0,0.0,0.0,0.0,0.0,0.0,0.0,0.0,0.0,0.0,0.0,0.0,0.0,0.0,0.0,0.0,0.0,1.0
0.9801324605941772,0.5651214122772217,0.18929359316825864,0.03807947039604187,0.008830022066831587,0.05794702097773552,0.040286976844072335,0.023730684071779248,0.04470198601484299,0.023178808391094208,0.01655629090964794,0.013796909712255,0.011037527583539484,0.006070640403777361,0.0011037527583539484,0.016004415228962898,0.0,0.024834437295794487,0.028145695105195045,0.00772626930847764,0.036975719034671777,0.029801324009895325,0.03145695477724075,0.05573951452970505,0.03421633690595627,0.07064017653465271,0.08885210007429123,0.09657836705446243,0.14293597638607025,0.15066225826740265,0.1793598234653473,0.17218543589115143,0.17218543589115143,0.1793598234653473,0.15342164039611816,0.1628035306930542,0.15618102252483368,0.13024282455444336,0.1462472379207611,0.1589404046535492,0.16004414856433868,0.1335540860891342,0.14569535851478577,0.1539735049009323,0.1307947039604187,0.1423841118812561,0.14679911732673645,0.1357615888118744,0.14679911732673645,0.10375276207923888,0.13741721212863922,0.10982339829206467,0.10761589556932448,0.13024282455444336,0.12803532183170319,0.11368653178215025,0.09823399782180786,0.10154525190591812,0.13245032727718353,0.09878586977720259,0.11589404195547104,0.11589404195547104,0.10099337995052336,0.13410596549510956,0.12858720123767853,0.1462472379207611,0.15838852524757385,0.17770420014858243,0.2052980065345764,0.19701986014842987,0.2373068481683731,0.2582781314849853,0.2268211990594864,0.20640176534652707,0.17660044133663175,0.1512141227722168,0.1473509967327118,0.08609271794557571,0.13024282455444336,0.09657836705446243,0.11975717544555664,0.11920529603958128,0.10761589556932448,0.14183223247528076,0.1026490032672882,0.17494481801986694,0.38796910643577576,0.5049669146537781,0.6821191906929016,1.0,0.9519867300987245,0.46854305267333984,0.14569535851478577,0.12913906574249268,0.08554083853960037,0.10540838539600372,0.10209713131189346,0.0745033100247383,0.10596026480197906,0.07284767925739288,0.09988962113857267,0.07064017653465271,0.07615894079208374,0.10154525190591812,0.060154523700475686,0.09492273628711699,0.0,0.0,0.0,0.0,0.0,0.0,0.0,0.0,0.0,0.0,0.0,0.0,0.0,0.0,0.0,0.0,0.0,0.0,0.0,0.0,0.0,0.0,0.0,0.0,0.0,0.0,0.0,0.0,0.0,0.0,0.0,0.0,0.0,0.0,0.0,0.0,0.0,0.0,0.0,0.0,0.0,0.0,0.0,0.0,0.0,0.0,0.0,0.0,0.0,0.0,0.0,0.0,0.0,0.0,0.0,0.0,0.0,0.0,0.0,0.0,0.0,0.0,0.0,0.0,0.0,0.0,0.0,0.0,0.0,0.0,0.0,0.0,0.0,0.0,0.0,0.0,0.0,0.0,0.0,0.0,0.0,1.0
1.0,0.5436002016067505,0.4344722032546997,0.48240694403648376,0.4084650576114655,0.34829169511795044,0.31463539600372314,0.27893930673599243,0.34013259410858154,0.3421723544597626,0.3554309010505676,0.3166751563549042,0.34013259410858154,0.35339114069938654,0.346251904964447,0.3503314554691314,0.3498215079307556,0.3268740475177765,0.3906170427799225,0.3396226465702057,0.3421723544597626,0.34115245938301086,0.33911269903182983,0.35390105843544006,0.34115245938301086,0.3590005040168762,0.35084140300750727,0.3472718000411988,0.36766955256462097,0.34064254164695734,0.3472718000411988,0.3431922495365143,0.2983171939849853,0.3304436504840851,0.26721060276031494,0.274859756231308,0.28403875231742853,0.2870984077453613,0.3034166097640991,0.282508909702301,0.3003569543361664,0.2896481454372406,0.2830188572406769,0.30902600288391113,0.26823049783706665,0.28913819789886475,0.28913819789886475,0.28913819789886475,0.338602751493454,0.28811830282211304,0.3085160553455353,0.33809280395507807,0.30443650484085083,0.3360530436038971,0.29729729890823364,0.3217746019363404,0.30239674448966974,0.29678735136985773,0.3187149465084076,0.29474759101867676,0.2988271415233612,0.2830188572406769,0.2942376434803009,0.3069862425327301,0.26721060276031494,0.28097909688949585,0.28352880477905273,0.2621111571788788,0.28454869985580444,0.25293219089508057,0.2621111571788788,0.24732279777526853,0.2549719512462616,0.28352880477905273,0.24171340465545652,0.2743498086929321,0.2651708424091339,0.2728199958801269,0.29729729890823364,0.2616012096405029,0.26619070768356323,0.2641509473323822,0.26262110471725464,0.28913819789886475,0.24732279777526853,0.2733299434185028,0.2651708424091339,0.2641509473323822,0.3049464523792267,0.2559918463230133,0.2575216591358185,0.26925039291381836,0.2677205502986908,0.3396226465702057,0.30545639991760254,0.33911269903182983,0.3712391555309296,0.3671596050262451,0.3814380466938018,0.37021929025650013,0.3268740475177765,0.29474759101867676,0.2784293591976166,0.26925039291381836,0.22131565213203433,0.24171340465545652,0.23355430364608765,0.23610402643680567,0.24273329973220825,0.1993880718946457,0.11677715182304382,0.0,0.25854155421257013,0.7776644825935363,0.9433962106704714,0.5089240074157715,0.3819479942321777,0.43141254782676697,0.3712391555309296,0.31004589796066284,0.2978072464466095,0.2677205502986908,0.26568078994750977,0.28199899196624756,0.2503824532032013,0.28097909688949585,0.2697603404521942,0.2677205502986908,0.3085160553455353,0.27180010080337524,0.27536970376968384,0.2687404453754425,0.3003569543361664,0.31361550092697144,0.27638959884643555,0.2988271415233612,0.0,0.0,0.0,0.0,0.0,0.0,0.0,0.0,0.0,0.0,0.0,0.0,0.0,0.0,0.0,0.0,0.0,0.0,0.0,0.0,0.0,0.0,0.0,0.0,0.0,0.0,0.0,0.0,0.0,0.0,0.0,0.0,0.0,0.0,0.0,0.0,0.0,0.0,0.0,0.0,0.0,0.0,0.0,0.0,0.0,0.0,0.0,0.0,0.0,0.0,0.0,1.0
