0.9978714585304259,0.8475947380065918,0.4286930561065674,0.19242230057716367,0.04427415877580643,0.009365687146782877,0.08003405481576918,0.12217964977025984,0.14261387288570404,0.15368241071701047,0.149850994348526,0.15070243179798126,0.1524052768945694,0.15836526453495023,0.17028522491455078,0.1783737689256668,0.1783737689256668,0.18220520019531247,0.18390804529190063,0.18816517293453217,0.1966794431209564,0.20093657076358795,0.19795657694339752,0.20306512713432312,0.20732226967811584,0.22264793515205383,0.24350787699222565,0.2520221471786499,0.2741592228412628,0.3103448152542114,0.3303533494472504,0.3439761698246002,0.3473818600177765,0.35845041275024414,0.3635589480400085,0.35845041275024414,0.33759045600891113,0.3094933927059173,0.27969348430633545,0.2541506886482239,0.23882503807544708,0.21285653114318848,0.2026394158601761,0.1894423216581345,0.1694338023662567,0.1575138419866562,0.1472967267036438,0.15283098816871643,0.15197956562042236,0.1434653103351593,0.15453384816646576,0.15836526453495023,0.15793955326080322,0.16773094236850739,0.16687951982021332,0.1732652187347412,0.17283950746059415,0.16687951982021332,0.1681566685438156,0.1587909758090973,0.15453384816646576,0.15325669944286346,0.15623669326305387,0.15453384816646576,0.14261387288570404,0.14048531651496887,0.1434653103351593,0.15155385434627533,0.15410813689231873,0.15581098198890686,0.1600681096315384,0.1575138419866562,0.15410813689231873,0.15112814307212827,0.1434653103351593,0.15027672052383423,0.14261387288570404,0.14687101542949677,0.13793103396892548,0.14048531651496887,0.13920816779136655,0.1370796114206314,0.12345679104328156,0.13154533505439758,0.13069391250610352,0.14048531651496887,0.13793103396892548,0.14005960524082184,0.1447424441576004,0.15027672052383423,0.15623669326305387,0.1549595594406128,0.15538527071475983,0.1638995260000229,0.16602809727191925,0.1745423525571823,0.1732652187347412,0.18305662274360657,0.16773094236850739,0.1707109361886978,0.17241379618644714,0.1758195012807846,0.18263091146945956,0.18773946166038516,0.2081736922264099,0.22349935770034793,0.2405278831720352,0.27373349666595453,0.28778204321861267,0.29246488213539124,0.2856534719467163,0.27075350284576416,0.24606215953826904,0.2392507493495941,0.22647935152053836,0.1783737689256668,0.1600681096315384,0.15155385434627533,0.15325669944286346,0.14687101542949677,0.15027672052383423,0.15368241071701047,0.11238825321197508,0.13282248377799988,0.22647935152053836,0.5968497395515442,1.0,0.8710089325904846,0.5321413278579712,0.29416772723197937,0.10046828538179396,0.0,0.0813111960887909,0.14261387288570404,0.13878245651721954,0.15283098816871643,0.16219668090343475,0.15708811581134796,0.16049382090568542,0.17028522491455078,0.17028522491455078,0.18433375656604767,0.18773946166038516,0.19965943694114685,0.20093657076358795,0.2056194096803665,0.20136228203773496,0.2132822424173355,0.2324393391609192,0.2477650046348572,0.0,0.0,0.0,0.0,0.0,0.0,0.0,0.0,0.0,0.0,0.0,0.0,0.0,0.0,0.0,0.0,0.0,0.0,0.0,0.0,0.0,0.0,0.0,0.0,0.0,0.0,0.0,0.0,0.0,0.0,0.0,0.0,0.0,0.0,0.0,0.0,0.0,0.0
1.0,0.45468589663505554,0.06797116249799728,0.0005149330827407539,0.0,0.08393409103155136,0.12667353451251984,0.14881564676761627,0.16220390796661377,0.1817713677883148,0.186920702457428,0.19155509769916532,0.19001029431819916,0.19670443236827848,0.19001029431819916,0.20030896365642548,0.20236869156360623,0.2142121493816376,0.2085478901863098,0.20339855551719663,0.21678681671619413,0.234809473156929,0.2451081424951553,0.24768279492855072,0.25952625274658203,0.27188464999198914,0.2878475785255432,0.29866117238998413,0.3177137076854706,0.33522140979766846,0.3408856987953186,0.35118433833122253,0.3516992926597595,0.339855819940567,0.3182286322116852,0.286302775144577,0.263130784034729,0.24407826364040372,0.22708548605442047,0.2131822854280472,0.20288363099098203,0.2090628147125244,0.20494335889816284,0.2095777541399002,0.2111225575208664,0.208032950758934,0.2224510759115219,0.215242013335228,0.22039134800434113,0.22296601533889768,0.22348095476627347,0.22966013848781583,0.23069001734256744,0.22863027453422544,0.234809473156929,0.24407826364040372,0.24098867177963257,0.24304839968681333,0.24098867177963257,0.2358393371105194,0.22863027453422544,0.22554068267345428,0.2281153500080109,0.23120494186878204,0.22605560719966888,0.21678681671619413,0.22863027453422544,0.21730175614356995,0.2085478901863098,0.20391349494457245,0.20751802623271945,0.2090628147125244,0.21678681671619413,0.238414004445076,0.2693099975585937,0.2749742567539215,0.27342945337295527,0.2955715656280517,0.2796086370944977,0.29608651995658875,0.2888774573802948,0.25798144936561584,0.2394438683986664,0.2209062874317169,0.20082388818264008,0.19052523374557492,0.1858908385038376,0.1858908385038376,0.18434603512287137,0.1730175018310547,0.11997940391302107,0.2471678704023361,0.523686945438385,0.9335736632347107,0.901132881641388,0.4315139055252075,0.040164779871702194,0.03192584961652756,0.05561276897788048,0.16374871134757996,0.17662203311920166,0.20545828342437744,0.20751802623271945,0.22296601533889768,0.2281153500080109,0.2342945486307144,0.24098867177963257,0.2368692010641098,0.24201853573322296,0.24613800644874567,0.24922759830951688,0.24459320306777957,0.24922759830951688,0.2528321444988251,0.0,0.0,0.0,0.0,0.0,0.0,0.0,0.0,0.0,0.0,0.0,0.0,0.0,0.0,0.0,0.0,0.0,0.0,0.0,0.0,0.0,0.0,0.0,0.0,0.0,0.0,0.0,0.0,0.0,0.0,0.0,0.0,0.0,0.0,0.0,0.0,0.0,0.0,0.0,0.0,0.0,0.0,0.0,0.0,0.0,0.0,0.0,0.0,0.0,0.0,0.0,0.0,0.0,0.0,0.0,0.0,0.0,0.0,0.0,0.0,0.0,0.0,0.0,0.0,0.0,0.0,0.0,0.0,0.0,0.0,0.0,0.0,0.0,0.0
1.0,0.9804581999778749,0.4703504145145416,0.23584905266761777,0.03504043072462082,0.1826145499944687,0.33018869161605835,0.3598382771015167,0.3820754587650299,0.39622640609741205,0.3989218473434448,0.4097034931182861,0.4016172587871552,0.42318058013916016,0.44541779160499567,0.45013478398323054,0.45350405573844904,0.4615902900695801,0.47843664884567266,0.48113209009170527,0.4649595618247986,0.4831536412239074,0.5060647130012512,0.5444744229316713,0.5707547068595886,0.5896226167678833,0.6421833038330078,0.6758760213851929,0.6947439312934875,0.7304581999778748,0.7452830076217651,0.7533692717552185,0.7547169923782349,0.7008086442947388,0.6435310244560242,0.5700808763504028,0.5,0.44811320304870605,0.37870618700981135,0.3463611900806427,0.34029650688171387,0.32412397861480713,0.3113207519054413,0.31266847252845764,0.3247978389263153,0.32345014810562134,0.32277628779411316,0.3247978389263153,0.33827492594718933,0.33760106563568115,0.33760106563568115,0.3322102427482605,0.3322102427482605,0.3322102427482605,0.30929920077323914,0.315363883972168,0.31738543510437006,0.32681941986083984,0.33355796337127686,0.34029650688171387,0.3537735939025879,0.3645552694797516,0.3659029603004456,0.3564690053462982,0.3504043221473694,0.34433960914611816,0.32749325037002563,0.3328841030597687,0.3463611900806427,0.34568732976913447,0.34299191832542414,0.33355796337127686,0.3659029603004456,0.3537735939025879,0.3322102427482605,0.3517520129680633,0.34568732976913447,0.3584905564785004,0.3537735939025879,0.3463611900806427,0.3322102427482605,0.335579514503479,0.34164419770240784,0.34568732976913447,0.33086252212524414,0.34029650688171387,0.3470350503921509,0.34097033739089966,0.3598382771015167,0.38005390763282776,0.40700808167457586,0.4386792480945587,0.473045825958252,0.48584905266761774,0.441374659538269,0.41442048549652094,0.4474393427371978,0.3989218473434448,0.3537735939025879,0.328840970993042,0.30997303128242487,0.3086253404617309,0.31199461221694946,0.3133423328399658,0.31603774428367615,0.3214285671710968,0.32951483130455017,0.3389487862586975,0.3793800473213196,0.513477087020874,0.5464959740638733,0.6913746595382689,0.9791105389595032,0.7486522793769836,0.400943398475647,0.1570080816745758,0.0,0.19878706336021423,0.2870619893074036,0.2991913855075836,0.34838274121284485,0.38072776794433594,0.3578167259693146,0.37668463587760925,0.376010775566101,0.38005390763282776,0.3746630847454071,0.38814017176628113,0.39824798703193665,0.4204851686954498,0.44070079922676086,0.44407007098197937,0.4737196862697601,0.4737196862697601,0.49797844886779785,0.0,0.0,0.0,0.0,0.0,0.0,0.0,0.0,0.0,0.0,0.0,0.0,0.0,0.0,0.0,0.0,0.0,0.0,0.0,0.0,0.0,0.0,0.0,0.0,0.0,0.0,0.0,0.0,0.0,0.0,0.0,0.0,0.0,0.0,0.0,0.0,0.0,0.0,0.0,0.0,0.0,0.0,0.0,0.0,0.0,0.0,0.0,0.0,0.0,0.0,0.0,0.0,0.0
0.9494553208351136,0.7642701268196107,0.24226579070091248,0.08671023696660995,0.08758170157670975,0.13856209814548492,0.16122004389762878,0.15511982142925262,0.14596949517726898,0.14858387410640717,0.15904138982295987,0.160348579287529,0.16644880175590515,0.16296295821666715,0.1742919385433197,0.18474945425987244,0.18779955804347992,0.18431372940540316,0.19564269483089447,0.20305010676383967,0.2078431397676468,0.2204793095588684,0.23267973959445956,0.2352941185235977,0.250980406999588,0.26405230164527893,0.27843138575553894,0.2984749376773834,0.3193899691104889,0.3525054454803467,0.36862745881080633,0.4004357159137726,0.42440086603164673,0.4318082928657532,0.4557734131813049,0.44967320561409,0.4444444477558136,0.43485838174819946,0.4000000059604645,0.3555555641651153,0.314596951007843,0.26492375135421753,0.2366013079881668,0.22004356980323792,0.19084967672824857,0.18431372940540316,0.1812636107206345,0.17080609500408173,0.16296295821666715,0.16601307690143585,0.16732026636600494,0.1721132844686508,0.1721132844686508,0.16819171607494354,0.1712418347597122,0.1729847490787506,0.17777778208255768,0.1734204739332199,0.1742919385433197,0.16775599122047424,0.18344226479530332,0.18039216101169583,0.17864923179149628,0.17864923179149628,0.1851851791143417,0.1921568661928177,0.1808278858661652,0.18387798964977264,0.17821350693702695,0.17167755961418152,0.17734204232692719,0.1812636107206345,0.17995642125606537,0.17167755961418152,0.1729847490787506,0.1712418347597122,0.16644880175590515,0.16296295821666715,0.1738562136888504,0.16819171607494354,0.17821350693702695,0.174727663397789,0.16557733714580536,0.18474945425987244,0.20392157137393951,0.221350759267807,0.26318082213401794,0.26753813028335566,0.26318082213401794,0.27538126707077026,0.2727668881416321,0.2688453197479248,0.25533768534660334,0.24749454855918884,0.20000000298023224,0.16514161229133603,0.15642701089382172,0.1446623057126999,0.1368191689252853,0.13420478999614716,0.1420479267835617,0.139869287610054,0.13507625460624695,0.13769063353538513,0.1259259283542633,0.05403050035238265,0.0,0.08583877980709077,0.4287581741809845,0.7202614545822144,1.0,0.9080610275268554,0.35904139280319214,0.1559912860393524,0.11764705926179884,0.1734204739332199,0.19477124512195587,0.19782134890556333,0.18431372940540316,0.20217864215373993,0.2043572962284088,0.21307189762592316,0.21002179384231567,0.2187363803386688,0.2235294133424759,0.22832244634628293,0.2348583936691284,0.24618735909461972,0.2492374777793884,0.26187363266944885,0.2671023905277252,0.0,0.0,0.0,0.0,0.0,0.0,0.0,0.0,0.0,0.0,0.0,0.0,0.0,0.0,0.0,0.0,0.0,0.0,0.0,0.0,0.0,0.0,0.0,0.0,0.0,0.0,0.0,0.0,0.0,0.0,0.0,0.0,0.0,0.0,0.0,0.0,0.0,0.0,0.0,0.0,0.0,0.0,0.0,0.0,0.0,0.0,0.0,0.0,0.0,0.0,0.0,0.0,0.0,0.0,0.0,0.0,0.0
0.9142857193946838,0.9222857356071472,0.5908571481704712,0.14971429109573364,0.0,0.23600000143051147,0.32171428203582764,0.38685715198516846,0.41428571939468384,0.4337143003940582,0.4451428651809692,0.4542857110500336,0.4617142975330353,0.45942857861518854,0.46799999475479126,0.46285715699195856,0.4714285731315613,0.4611428678035736,0.45657142996788014,0.4714285731315613,0.47028571367263794,0.46799999475479126,0.4657142758369446,0.4600000083446503,0.4760000109672546,0.4760000109672546,0.473714292049408,0.4708571434020996,0.473714292049408,0.4811428487300873,0.4782857000827789,0.479999989271164,0.48285713791847223,0.48571428656578064,0.48857143521308893,0.486857146024704,0.49257144331932073,0.50342857837677,0.5142857432365417,0.5297142863273621,0.5428571701049805,0.5485714077949524,0.545714259147644,0.526285707950592,0.5131428837776184,0.48800000548362726,0.4697142839431762,0.44914284348487854,0.4451428651809692,0.43885713815689087,0.4314285814762115,0.42114284634590154,0.42114284634590154,0.43771427869796753,0.42914286255836487,0.4297142922878265,0.43028572201728815,0.4411428570747376,0.4434285759925842,0.4445714354515076,0.44685715436935425,0.4560000002384186,0.45542857050895685,0.4434285759925842,0.44057142734527593,0.4382857084274292,0.4417142868041992,0.4257142841815949,0.4251428544521332,0.42685714364051813,0.4274285733699799,0.4228571355342865,0.4160000085830688,0.4091428518295288,0.41657143831253046,0.40742856264114374,0.40857142210006714,0.41428571939468384,0.4057142734527588,0.4171428680419922,0.41771429777145386,0.4131428599357605,0.42114284634590154,0.41657143831253046,0.4194285571575165,0.4245714247226715,0.42800000309944153,0.4314285814762115,0.4239999949932098,0.4297142922878265,0.4308571517467498,0.4239999949932098,0.43028572201728815,0.43314287066459656,0.43714284896850586,0.4337143003940582,0.43599998950958246,0.4314285814762115,0.43771427869796753,0.44400000572204584,0.4382857084274292,0.4588571488857269,0.4839999973773956,0.4937142729759216,0.48514285683631897,0.4942857027053833,0.4685714244842529,0.4657142758369446,0.4674285650253296,0.45828571915626526,0.4480000138282776,0.43314287066459656,0.44400000572204584,0.4245714247226715,0.40457141399383534,0.4068571329116821,0.41142857074737543,0.4148571491241455,0.41371428966522217,0.4154285788536072,0.4239999949932098,0.42628571391105646,0.4222857058048248,0.3914285600185394,0.4097142815589905,0.5920000076293945,0.9074285626411438,1.0,0.87714284658432,0.35199999809265137,0.031428571790456765,0.1879999935626984,0.33142855763435364,0.40457141399383534,0.46514284610748285,0.4811428487300873,0.47542858123779297,0.49085715413093567,0.4971428513526917,0.49942857027053833,0.49657142162323,0.505142867565155,0.50685715675354,0.5062857270240784,0.5097143054008484,0.5142857432365417,0.50685715675354,0.5137143135070801,0.5120000243186951,0.5171428322792053,0.5154285430908203,0.522857129573822,0.526285707950592,0.527999997138977,0.5320000052452089,0.5331428647041321,0.0,0.0,0.0,0.0,0.0,0.0,0.0,0.0,0.0,0.0,0.0,0.0,0.0,0.0,0.0,0.0,0.0,0.0,0.0,0.0,0.0,0.0,0.0,0.0,0.0,0.0,0.0,0.0,0.0,0.0,0.0,0.0
0.9278215169906616,0.5544619560241699,0.18438319861888883,0.13648293912410736,0.3838582634925842,0.31955379247665405,0.24409449100494385,0.2893700897693634,0.2900262475013733,0.3372703492641449,0.2972441017627716,0.2985564172267914,0.28871390223503113,0.2624672055244446,0.32742783427238464,0.32808399200439453,0.31496062874794006,0.284776896238327,0.38451442122459406,0.2854330837726593,0.3241469860076904,0.35433071851730347,0.36876639723777765,0.34842520952224726,0.37073490023612976,0.3858267664909362,0.4553805887699127,0.4547244012355805,0.48162728548049927,0.5367454290390015,0.5354330539703369,0.5800524950027466,0.5426509380340576,0.5616797804832457,0.5157480239868164,0.4553805887699127,0.42979001998901367,0.4133858382701874,0.42650917172431946,0.41863515973091125,0.2821522355079651,0.33530184626579285,0.35433071851730347,0.2926509082317352,0.3143044710159302,0.3267716467380524,0.3057742714881897,0.32808399200439453,0.32349082827568054,0.3182414770126343,0.3057742714881897,0.29527559876441956,0.3562992215156555,0.29527559876441956,0.38057741522789,0.31955379247665405,0.278215229511261,0.31167978048324585,0.2860892415046692,0.2690288722515106,0.34317585825920105,0.29658791422843933,0.2854330837726593,0.28083989024162287,0.28805774450302124,0.31496062874794006,0.3562992215156555,0.39960628747940063,0.4278215169906616,0.4337270259857178,0.4553805887699127,0.5203412175178528,0.4153543412685394,0.3418635129928589,0.34120735526084894,0.29593175649642944,0.30708661675453186,0.2690288722515106,0.2342519611120224,0.2972441017627716,0.1712598353624344,0.2447506487369537,0.26443570852279663,0.2539370059967041,0.24606299400329587,0.2257217913866043,0.2060367465019226,0.5045931935310364,1.0,0.5131233334541321,0.0,0.19685038924217224,0.30118110775947565,0.36351704597473133,0.26377952098846436,0.3143044710159302,0.3077427744865417,0.284776896238327,0.21522310376167297,0.3405511677265167,0.3215222954750061,0.2788713872432709,0.32808399200439453,0.2585301697254181,0.39698162674903864,0.3372703492641449,0.30249345302581787,0.30708661675453186,0.311023622751236,0.39895012974739075,0.4074803292751312,0.4120734930038452,0.40026247501373285,0.3963254690170288,0.5104987025260925,0.48359578847885126,0.5275590419769287,0.5479002594947815,0.5538057684898376,0.5531495809555054,0.5669291615486145,0.5013123154640198,0.5236220359802246,0.5262467265129088,0.4074803292751312,0.37073490023612976,0.39304462075233454,0.4376640319824218,0.2821522355079651,0.3536745309829712,0.33595800399780273,0.33070865273475647,0.3733595907688141,0.3215222954750061,0.34383201599121094,0.34842520952224726,0.3490813672542572,0.34645670652389526,0.3720472455024719,0.40354329347610474,0.3923884630203247,0.38845145702362066,0.40157479047775274,0.35958003997802734,0.3405511677265167,0.3582677245140076,0.34842520952224726,0.3136482834815979,0.306430459022522,0.46259841322898865,0.3549868762493133,0.38123360276222235,0.33267715573310846,0.3871391117572784,0.44881889224052424,0.4409448802471161,0.45800524950027466,0.4757217764854431,0.4724409580230713,0.0,0.0,0.0,0.0,0.0,0.0,0.0,0.0,0.0,0.0,0.0,0.0,0.0,0.0,0.0,0.0,0.0,0.0,0.0,0.0,0.0,0.0,0.0,0.0,0.0,0.0,0.0,0.0,0.0
1.0,0.4751824736595154,0.009489051066339018,0.1605839431285858,0.2649635076522827,0.28248175978660583,0.21021898090839383,0.20583941042423248,0.21751825511455533,0.18613138794898984,0.16569343209266663,0.1627737283706665,0.1992700695991516,0.1700729876756668,0.14014598727226257,0.2525547444820404,0.19781021773815155,0.24160583317279813,0.22700729966163635,0.1773722618818283,0.22189781069755557,0.2189781069755554,0.20948904752731323,0.2576642334461212,0.2474452555179596,0.3131386935710907,0.28029197454452515,0.35036495327949524,0.4510948956012726,0.43576642870903015,0.4051094949245453,0.47664234042167664,0.5226277112960817,0.47007298469543457,0.4000000059604645,0.451824814081192,0.3693430721759796,0.34087592363357544,0.2700729966163635,0.2956204414367676,0.3343065679073334,0.25839415192604065,0.2766423225402832,0.3145985305309296,0.30948904156684875,0.2313868552446365,0.26204380393028254,0.24817518889904025,0.27299270033836365,0.27956205606460566,0.281751811504364,0.25328466296195984,0.3145985305309296,0.28321167826652527,0.2474452555179596,0.34598541259765625,0.22262774407863617,0.2708029150962829,0.28540146350860596,0.2189781069755554,0.31386861205101013,0.20000000298023224,0.29489052295684814,0.2029197067022324,0.30218976736068726,0.2182481735944748,0.25839415192604065,0.26204380393028254,0.2985401451587677,0.296350359916687,0.3569343090057373,0.42481753230094904,0.34598541259765625,0.3802919685840607,0.4284671545028687,0.3569343090057373,0.2072992771863937,0.2043795585632324,0.21970802545547485,0.21678832173347476,0.19343066215515137,0.2248175144195557,0.1116788312792778,0.19854015111923215,0.16569343209266663,0.1956204324960709,0.1627737283706665,0.19854015111923215,0.12773722410202026,0.36861312389373774,0.8489050865173341,0.636496365070343,0.08613138645887376,0.0,0.2109488993883133,0.33576643466949463,0.23941606283187863,0.25036495923995966,0.24671532213687897,0.2065693438053131,0.2423357665538788,0.21021898090839383,0.24014598131179807,0.2284671515226364,0.26350364089012146,0.2080291956663132,0.24452555179595947,0.26058393716812134,0.277372270822525,0.24014598131179807,0.24087591469287872,0.3014598488807678,0.2985401451587677,0.3153284788131714,0.27810218930244446,0.3598540127277374,0.4087591171264648,0.466423362493515,0.41824817657470703,0.40802919864654547,0.6043795347213745,0.47737225890159607,0.4963503777980805,0.525547444820404,0.4394160509109497,0.3810218870639801,0.4021897912025452,0.35328465700149536,0.38248175382614136,0.2211678773164749,0.3343065679073334,0.2708029150962829,0.2905109524726868,0.23868612945079803,0.2744525671005249,0.28321167826652527,0.28321167826652527,0.33576643466949463,0.2656934261322021,0.27591240406036377,0.3007299304008484,0.32189780473709106,0.30364963412284846,0.35036495327949524,0.3175182342529297,0.3014598488807678,0.2766423225402832,0.2664233446121216,0.29489052295684814,0.28759124875068665,0.26204380393028254,0.25547444820404047,0.3102189898490906,0.2693430781364441,0.3102189898490906,0.3423357605934143,0.363503634929657,0.3379561901092529,0.38248175382614136,0.0,0.0,0.0,0.0,0.0,0.0,0.0,0.0,0.0,0.0,0.0,0.0,0.0,0.0,0.0,0.0,0.0,0.0,0.0,0.0,0.0,0.0,0.0,0.0,0.0,0.0,0.0,0.0,0.0
1.0,0.5803347229957581,0.12803347408771515,0.052301254123449326,0.10502091795206069,0.14560669660568237,0.14267782866954803,0.13221757113933563,0.1372384876012802,0.1414225995540619,0.14267782866954803,0.1502092033624649,0.1372384876012802,0.13933055102825165,0.14602510631084442,0.14518828690052032,0.15188284218311307,0.14895397424697876,0.15481171011924744,0.1656903773546219,0.1656903773546219,0.18535564839839933,0.1874476969242096,0.197907954454422,0.2050209194421768,0.21380753815174103,0.23891213536262512,0.24853555858135223,0.2698744833469391,0.3012552261352539,0.33096233010292053,0.3753138184547424,0.4058577418327332,0.43974894285202026,0.4769874513149261,0.49790793657302856,0.5029288530349731,0.4723849296569824,0.41338911652565,0.34602510929107666,0.28158995509147644,0.23138074576854703,0.18535564839839933,0.15146443247795105,0.1372384876012802,0.12217573076486588,0.12175732105970383,0.11715481430292128,0.11087866127490996,0.11757322400808334,0.11129707098007202,0.11924686282873152,0.11757322400808334,0.12301255017518996,0.12426777929067612,0.11422593891620636,0.1146443486213684,0.11506275832653044,0.12175732105970383,0.13054393231868744,0.12175732105970383,0.1313807517290115,0.12552301585674283,0.12301255017518996,0.12301255017518996,0.11841004341840744,0.1251046061515808,0.11966527253389359,0.11129707098007202,0.11004184186458588,0.10209205001592636,0.11087866127490996,0.10543932765722273,0.10543932765722273,0.10627614706754684,0.09707112610340118,0.10209205001592636,0.09874477237462995,0.09958159178495408,0.10125523060560226,0.0928870290517807,0.10167364031076433,0.09748954325914384,0.09581589698791505,0.08577405661344528,0.08493723720312119,0.0920502096414566,0.0903765708208084,0.09832636266946793,0.1284518837928772,0.13682007789611816,0.14979079365730283,0.15564852952957153,0.15230125188827515,0.15523011982440948,0.1372384876012802,0.13263598084449768,0.12217573076486588,0.10920502245426177,0.10502091795206069,0.08368200808763504,0.0824267789721489,0.07280334830284119,0.071129709482193,0.06820083409547806,0.06025104597210884,0.06778242439031601,0.06192468479275704,0.06694560497999191,0.06192468479275704,0.06192468479275704,0.0782426744699478,0.07949791103601454,0.05564853549003601,0.0,0.08493723720312119,0.26527196168899536,0.7937238216400145,0.9769874215126035,0.6292886734008789,0.10460250824689864,0.03640167415142059,0.09414225816726685,0.14979079365730283,0.13389120995998383,0.12092050164937972,0.1301255226135254,0.12887029349803925,0.12552301585674283,0.12719665467739105,0.1146443486213684,0.11673640459775925,0.11882845312356947,0.12217573076486588,0.12552301585674283,0.12384936958551405,0.135564848780632,0.13849371671676636,0.142259418964386,0.0,0.0,0.0,0.0,0.0,0.0,0.0,0.0,0.0,0.0,0.0,0.0,0.0,0.0,0.0,0.0,0.0,0.0,0.0,0.0,0.0,0.0,0.0,0.0,0.0,0.0,0.0,0.0,0.0,0.0,0.0,0.0,0.0,0.0,0.0,0.0,0.0,0.0,0.0,0.0,0.0,0.0,0.0,0.0,0.0,0.0,0.0,0.0,0.0
1.0,0.7459975481033325,0.19458128511905673,0.052955664694309235,0.10160098224878313,0.17826354503631592,0.1711822599172592,0.17456896603107452,0.17179803550243375,0.17272166907787323,0.18041871488094327,0.17456896603107452,0.1816502511501312,0.18257388472557068,0.18873152136802676,0.19704432785511017,0.18842364847660065,0.19858373701572415,0.2019704431295395,0.20905172824859616,0.21921181678771967,0.22259852290153503,0.2373768538236618,0.2478448301553726,0.2663177251815796,0.2946428656578064,0.31373152136802673,0.35252463817596436,0.3768472969532013,0.4064039289951325,0.439039409160614,0.45874384045600886,0.47444581985473633,0.4504310488700866,0.4002462923526764,0.34298029541969294,0.2807881832122803,0.23983989655971527,0.20751231908798215,0.1875,0.17887930572032928,0.16102217137813568,0.1607142835855484,0.15609605610370636,0.15209358930587769,0.15671181678771973,0.1483990103006363,0.1533251255750656,0.15301723778247833,0.15209358930587769,0.15671181678771973,0.15024630725383759,0.15301723778247833,0.15301723778247833,0.15578818321228027,0.16009852290153503,0.1517857164144516,0.155480295419693,0.15486453473567963,0.15240147709846497,0.15763546526432037,0.14408867061138153,0.1499384194612503,0.1465517282485962,0.14316502213478088,0.15270936489105225,0.16687192022800443,0.17980295419692993,0.19088670611381528,0.20782019197940824,0.2158251255750656,0.19673645496368408,0.2022783309221268,0.1838054209947586,0.16995073854923248,0.15825122594833374,0.1302339881658554,0.12161330133676528,0.10960590839385986,0.10314039140939713,0.10283251106739044,0.09174876660108566,0.09729064255952835,0.09359605610370639,0.09267241507768632,0.09698276221752167,0.08466748893260957,0.08897783607244492,0.07235221564769743,0.018472906202077866,0.04094827547669411,0.190578818321228,0.6496305465698241,0.932573914527893,0.6604064106941223,0.11884236335754395,0.0,0.05326354503631592,0.12469211965799332,0.12222906202077864,0.12684729695320127,0.11791872233152388,0.12992611527442932,0.1314655244350433,0.13177339732646942,0.13977833092212677,0.13577586412429807,0.14562807977199554,0.1493226587772369,0.15363299846649167,0.15671181678771973,0.0,0.0,0.0,0.0,0.0,0.0,0.0,0.0,0.0,0.0,0.0,0.0,0.0,0.0,0.0,0.0,0.0,0.0,0.0,0.0,0.0,0.0,0.0,0.0,0.0,0.0,0.0,0.0,0.0,0.0,0.0,0.0,0.0,0.0,0.0,0.0,0.0,0.0,0.0,0.0,0.0,0.0,0.0,0.0,0.0,0.0,0.0,0.0,0.0,0.0,0.0,0.0,0.0,0.0,0.0,0.0,0.0,0.0,0.0,0.0,0.0,0.0,0.0,0.0,0.0,0.0,0.0,0.0,0.0,0.0,0.0,0.0,0.0,0.0,0.0,0.0,0.0
0.9723964929580688,0.7089083790779114,0.18569636344909668,0.0,0.11292346566915512,0.194479301571846,0.2308657467365265,0.2446675002574921,0.2503136694431305,0.25533249974250793,0.2565872073173523,0.2691342532634735,0.25533249974250793,0.2766624987125397,0.27164366841316223,0.2572145462036133,0.2986198365688324,0.29987454414367676,0.2986198365688324,0.2929736375808716,0.3042660057544708,0.33626097440719604,0.34629860520362854,0.36198243498802185,0.37892094254493713,0.4052697718143463,0.41593474149703974,0.462358832359314,0.48494353890419006,0.5069009065628052,0.528230845928192,0.5514429211616516,0.5558343529701233,0.5357590913772583,0.501254677772522,0.47867000102996826,0.44667503237724304,0.39084064960479736,0.3481806814670563,0.3368883430957794,0.3375156819820404,0.30301129817962646,0.312421590089798,0.29422834515571594,0.3055207133293152,0.30050188302993774,0.29736512899398804,0.3086574673652649,0.30301129817962646,0.30363863706588745,0.3011292219161988,0.31681305170059204,0.3092848062515259,0.2986198365688324,0.3343789279460907,0.317440390586853,0.29109159111976624,0.30363863706588745,0.3199498057365417,0.31618568301200867,0.2804265916347504,0.3111668825149536,0.29109159111976624,0.2936010062694549,0.30301129817962646,0.279171884059906,0.2892095446586609,0.2622333765029907,0.27289837598800654,0.27728983759880066,0.2854454219341278,0.27478042244911194,0.2797992527484894,0.27101629972457886,0.3199498057365417,0.34567126631736755,0.3939774036407471,0.3820577263832092,0.3864491879940033,0.3851944804191589,0.3845671415328979,0.3732747733592987,0.3412798047065735,0.3086574673652649,0.30614805221557617,0.2653701305389404,0.24341279268264768,0.23400251567363736,0.259723961353302,0.23400251567363736,0.22459222376346588,0.22584693133831024,0.2208281010389328,0.21957339346408844,0.2271016240119934,0.19322459399700165,0.1524466723203659,0.24780426919460297,0.5288582444190979,0.7063990235328673,1.0,0.5978670120239258,0.1260978728532791,0.02823086641728878,0.10853199660778044,0.16813048720359802,0.2271016240119934,0.21141782402992249,0.2227101624011993,0.22961103916168207,0.23149310052394864,0.2346298545598984,0.23902133107185364,0.2471769154071808,0.23776662349700928,0.0,0.0,0.0,0.0,0.0,0.0,0.0,0.0,0.0,0.0,0.0,0.0,0.0,0.0,0.0,0.0,0.0,0.0,0.0,0.0,0.0,0.0,0.0,0.0,0.0,0.0,0.0,0.0,0.0,0.0,0.0,0.0,0.0,0.0,0.0,0.0,0.0,0.0,0.0,0.0,0.0,0.0,0.0,0.0,0.0,0.0,0.0,0.0,0.0,0.0,0.0,0.0,0.0,0.0,0.0,0.0,0.0,0.0,0.0,0.0,0.0,0.0,0.0,0.0,0.0,0.0,0.0,0.0,0.0,0.0,0.0,0.0,0.0
1.0,0.6065475940704346,0.38353174924850464,0.17638888955116272,0.164682537317276,0.18869048357009888,0.1875,0.18035714328289032,0.18214285373687744,0.18015873432159424,0.1875,0.18531745672225952,0.18611110746860504,0.18809524178504944,0.1894841343164444,0.19880951941013336,0.19861111044883728,0.19781745970249176,0.20575396716594696,0.20912697911262512,0.22162698209285736,0.22956348955631256,0.2390872985124588,0.2523809671401977,0.2656745910644531,0.2851190567016601,0.2968254089355469,0.3055555522441864,0.32182538509368896,0.3255952298641205,0.3331349194049835,0.3303571343421936,0.3238095343112945,0.30912697315216064,0.2847222089767456,0.2630952298641205,0.2351190447807312,0.21547618508338928,0.20317460596561432,0.18988095223903656,0.18869048357009888,0.17976190149784088,0.17599205672740936,0.17837300896644592,0.17638888955116272,0.18293650448322296,0.18174603581428528,0.17837300896644592,0.18075396120548248,0.17916665971279144,0.1825396865606308,0.17718254029750824,0.17400793731212616,0.17400793731212616,0.17400793731212616,0.17916665971279144,0.17281745374202728,0.17043650150299072,0.17380952835083008,0.17301587760448456,0.17638888955116272,0.16825397312641144,0.16785714030265808,0.16944444179534912,0.16527777910232544,0.1696428507566452,0.16706348955631256,0.16488094627857208,0.17123015224933624,0.1865079402923584,0.20079365372657773,0.20575396716594696,0.20218254625797272,0.21051587164402008,0.21686507761478424,0.2261904776096344,0.2212301641702652,0.20892857015132904,0.18293650448322296,0.16488094627857208,0.1626984179019928,0.15456348657608032,0.14761905372142792,0.14702381193637848,0.14226190745830536,0.14464285969734192,0.14265872538089752,0.14067460596561432,0.14345237612724304,0.13928571343421936,0.13174603879451752,0.027579365298151966,0.0,0.20952381193637848,0.5285714268684387,0.9226190447807312,0.7107142806053162,0.43591269850730896,0.2291666716337204,0.14265872538089752,0.1716269850730896,0.17281745374202728,0.16706348955631256,0.16785714030265808,0.167658731341362,0.17519840598106384,0.17519840598106384,0.17242063581943512,0.17817460000514984,0.18075396120548248,0.18928571045398712,0.1865079402923584,0.18869048357009888,0.1954365074634552,0.0,0.0,0.0,0.0,0.0,0.0,0.0,0.0,0.0,0.0,0.0,0.0,0.0,0.0,0.0,0.0,0.0,0.0,0.0,0.0,0.0,0.0,0.0,0.0,0.0,0.0,0.0,0.0,0.0,0.0,0.0,0.0,0.0,0.0,0.0,0.0,0.0,0.0,0.0,0.0,0.0,0.0,0.0,0.0,0.0,0.0,0.0,0.0,0.0,0.0,0.0,0.0,0.0,0.0,0.0,0.0,0.0,0.0,0.0,0.0,0.0,0.0,0.0,0.0,0.0,0.0,0.0,0.0,0.0,0.0,0.0,0.0,0.0,0.0
0.9762443304061889,0.752828061580658,0.26131221652030945,0.013574660755693913,0.125,0.20588235557079315,0.24604071676731107,0.2562217116355896,0.2596153914928436,0.26300904154777527,0.26300904154777527,0.26300904154777527,0.27375566959381104,0.27319005131721497,0.2782805562019348,0.28959277272224426,0.290723979473114,0.30090498924255366,0.2997737526893616,0.3054298758506775,0.31674209237098694,0.32239818572998047,0.33540722727775574,0.3467194437980652,0.3659502267837525,0.3840497732162476,0.39819005131721497,0.40893664956092834,0.4253393709659576,0.4298642575740814,0.4287330210208893,0.42703619599342346,0.42647057771682734,0.4100678861141205,0.395927608013153,0.375,0.35350677371025085,0.33540722727775574,0.3150452375411988,0.2997737526893616,0.30147057771682734,0.28902715444564814,0.2850678861141205,0.2805429995059967,0.28223982453346247,0.28223982453346247,0.27601811289787287,0.2788461446762085,0.2845022678375244,0.28619909286499023,0.29581448435783386,0.2873303294181824,0.293552041053772,0.2969456911087036,0.30147057771682734,0.30203619599342346,0.30147057771682734,0.3048642575740814,0.3048642575740814,0.2997737526893616,0.30033937096595764,0.2975113093852997,0.3048642575740814,0.33936652541160583,0.37047511339187617,0.3733031749725342,0.3806561231613159,0.4100678861141205,0.4479638040065765,0.45757919549942017,0.3993212580680847,0.371606320142746,0.32466062903404236,0.28959277272224426,0.2726244330406189,0.25735294818878174,0.2516968250274658,0.25113123655319214,0.24717193841934204,0.24886877834796903,0.24773755669593808,0.2352941185235977,0.2466063350439072,0.24208144843578336,0.26979637145996094,0.4038461446762085,0.4530543088912964,0.6323529481887816,1.0,0.6351810097694397,0.18891403079032895,0.0,0.10746606439352036,0.20248869061470032,0.23642534017562863,0.23925338685512543,0.2466063350439072,0.25395926833152765,0.2579185664653778,0.25509050488471985,0.26753392815589905,0.2686651647090912,0.2743212580680847,0.2748868763446808,0.2873303294181824,0.0,0.0,0.0,0.0,0.0,0.0,0.0,0.0,0.0,0.0,0.0,0.0,0.0,0.0,0.0,0.0,0.0,0.0,0.0,0.0,0.0,0.0,0.0,0.0,0.0,0.0,0.0,0.0,0.0,0.0,0.0,0.0,0.0,0.0,0.0,0.0,0.0,0.0,0.0,0.0,0.0,0.0,0.0,0.0,0.0,0.0,0.0,0.0,0.0,0.0,0.0,0.0,0.0,0.0,0.0,0.0,0.0,0.0,0.0,0.0,0.0,0.0,0.0,0.0,0.0,0.0,0.0,0.0,0.0,0.0,0.0,0.0,0.0,0.0,0.0,0.0,0.0,0.0,0.0,0.0,0.0,0.0,0.0
1.0,0.6241135001182556,0.3714539110660553,0.05097517743706703,0.12278369069099426,0.22074468433856964,0.31471630930900574,0.32535460591316223,0.3151595890522003,0.33909574151039124,0.3333333432674408,0.35593971610069275,0.35195034742355347,0.3444148898124695,0.3648049533367157,0.36037233471870417,0.375,0.3714539110660553,0.37012410163879395,0.38475176692008967,0.37455675005912786,0.38475176692008967,0.3758865296840668,0.36968085169792175,0.39627659320831293,0.394946813583374,0.417553186416626,0.431294322013855,0.436170220375061,0.4410460889339447,0.414893627166748,0.4015957415103912,0.3789893686771393,0.355053186416626,0.35283687710762024,0.32491135597229004,0.3235815465450287,0.320035457611084,0.30053192377090454,0.3266843855381012,0.31072694063186646,0.32446807622909546,0.327570915222168,0.306294322013855,0.32890069484710693,0.34308511018753046,0.3510638177394867,0.375,0.3922872245311737,0.4166666567325592,0.43794324994087214,0.45700353384017933,0.4565602838993073,0.460106372833252,0.460106372833252,0.41799646615982056,0.3931737542152405,0.347517728805542,0.31117022037506104,0.31028369069099426,0.28457447886466974,0.28679078817367554,0.2881205677986145,0.2708333432674408,0.28679078817367554,0.2655141949653625,0.27570921182632446,0.2703900635242462,0.263741135597229,0.34707447886466974,0.591312050819397,0.9867021441459656,0.7526595592498779,0.4375,0.19636525213718412,0.0,0.13741134107112885,0.2389184385538101,0.2734929025173187,0.2992021143436432,0.2992021143436432,0.3169326186180115,0.32845744490623474,0.31781914830207825,0.3342198729515076,0.0,0.0,0.0,0.0,0.0,0.0,0.0,0.0,0.0,0.0,0.0,0.0,0.0,0.0,0.0,0.0,0.0,0.0,0.0,0.0,0.0,0.0,0.0,0.0,0.0,0.0,0.0,0.0,0.0,0.0,0.0,0.0,0.0,0.0,0.0,0.0,0.0,0.0,0.0,0.0,0.0,0.0,0.0,0.0,0.0,0.0,0.0,0.0,0.0,0.0,0.0,0.0,0.0,0.0,0.0,0.0,0.0,0.0,0.0,0.0,0.0,0.0,0.0,0.0,0.0,0.0,0.0,0.0,0.0,0.0,0.0,0.0,0.0,0.0,0.0,0.0,0.0,0.0,0.0,0.0,0.0,0.0,0.0,0.0,0.0,0.0,0.0,0.0,0.0,0.0,0.0,0.0,0.0,0.0,0.0,0.0,0.0,0.0,0.0,0.0,0.0,0.0,0.0
0.9808411002159119,0.6289719343185425,0.08224298804998396,0.017289720475673676,0.0,0.08224298804998396,0.13785046339035034,0.1495327055454254,0.152336448431015,0.15046729147434235,0.1537383198738098,0.15841121971607208,0.1668224334716797,0.17009346187114716,0.16915887594223022,0.1738317757844925,0.17336449027061462,0.18317757546901703,0.18925233185291288,0.2051401883363724,0.20046728849411008,0.21028037369251248,0.2289719581604004,0.2331775724887848,0.24532710015773773,0.24953271448612213,0.2598130702972412,0.2869158983230591,0.3121495246887207,0.3359813094139099,0.36588785052299494,0.3962616920471192,0.4228971898555756,0.44719627499580383,0.47850468754768366,0.5060747861862184,0.5149532556533812,0.5158878564834595,0.49672898650169367,0.4649532735347748,0.42056074738502497,0.36962616443634033,0.31588783860206604,0.2728971838951111,0.2359813153743744,0.20186915993690488,0.18224298954010007,0.17990654706954956,0.16588784754276276,0.15887850522994995,0.1682243049144745,0.164953276515007,0.15841121971607208,0.1565420627593994,0.1626168191432953,0.16448597609996796,0.17149533331394196,0.1696261614561081,0.17196261882781982,0.1724299043416977,0.1766355186700821,0.1766355186700821,0.17757008969783783,0.18598130345344543,0.18317757546901703,0.1780373901128769,0.17149533331394196,0.1593457907438278,0.1668224334716797,0.15327103435993195,0.15700934827327728,0.16028037667274475,0.15280373394489288,0.146728977560997,0.14439252018928528,0.139719620347023,0.14065420627593994,0.13878504931926727,0.13785046339035034,0.1322429925203323,0.128504678606987,0.12616822123527527,0.12056075036525726,0.1271028071641922,0.13177570700645447,0.13738317787647247,0.13457943499088287,0.13177570700645447,0.1350467354059219,0.13317756354808807,0.139719620347023,0.13738317787647247,0.14158879220485687,0.139719620347023,0.14579439163208008,0.14205607771873474,0.1439252346754074,0.15000000596046448,0.14158879220485687,0.1383177638053894,0.1383177638053894,0.139719620347023,0.1621495336294174,0.189719632267952,0.21682243049144745,0.22663551568984985,0.24252335727214813,0.26074767112731934,0.2471962571144104,0.2107476592063904,0.1967289745807648,0.18037383258342743,0.1565420627593994,0.13878504931926727,0.134112149477005,0.14018692076206207,0.14345794916152954,0.134112149477005,0.13925233483314514,0.1495327055454254,0.15794391930103302,0.1537383198738098,0.1299065351486206,0.07523364573717117,0.21308411657810208,0.6289719343185425,1.0,0.8121495246887206,0.23504672944545743,0.10046728700399397,0.04252336546778679,0.06448598206043243,0.15560747683048248,0.18364486098289487,0.19065420329570767,0.19439251720905304,0.1967289745807648,0.19579438865184784,0.1967289745807648,0.20140187442302704,0.20887850224971768,0.20327103137969968,0.20560747385025024,0.21355140209198,0.2214953303337097,0.21542055904865265,0.22803738713264465,0.23971962928771967,0.24626168608665464,0.26214954257011414,0.27056074142456055,0.0,0.0,0.0,0.0,0.0,0.0,0.0,0.0,0.0,0.0,0.0,0.0,0.0,0.0,0.0,0.0,0.0,0.0,0.0,0.0,0.0,0.0,0.0,0.0,0.0,0.0,0.0,0.0,0.0,0.0,0.0,0.0,0.0,0.0,0.0,0.0,0.0
0.9396876692771912,1.0,0.7016693353652954,0.18793752789497373,0.04200322926044464,0.03715670481324196,0.07215939462184906,0.08616047352552414,0.0791599377989769,0.09262251108884813,0.09746903926134108,0.09100700169801712,0.11093161255121232,0.10231555998325348,0.10393106937408449,0.11954765766859055,0.12439418584108353,0.13354873657226562,0.13893376290798187,0.175013467669487,0.18093699216842649,0.20032310485839844,0.22940225899219513,0.26494345068931574,0.29617664217948914,0.32525578141212463,0.356488972902298,0.38879913091659546,0.43941840529441833,0.4711900949478149,0.4964997172355652,0.5045772790908812,0.5018847584724425,0.45395800471305847,0.3737210631370544,0.3091006875038147,0.23371028900146484,0.19278405606746676,0.1416262835264206,0.10554657876491547,0.1017770618200302,0.09046849608421324,0.08131394535303117,0.07377490401268005,0.07215939462184906,0.0700053870677948,0.07323640584945679,0.06462035328149796,0.07700592279434205,0.07377490401268005,0.08131394535303117,0.08616047352552414,0.08185245096683502,0.09854604303836823,0.08400645852088928,0.09477651864290237,0.08885298669338225,0.088314488530159,0.0958535298705101,0.08723747730255128,0.08077544718980789,0.08939149230718611,0.0683898776769638,0.0716208964586258,0.07215939462184906,0.07377490401268005,0.06031233072280884,0.06946688145399094,0.06515885889530182,0.06946688145399094,0.06300484389066696,0.0592353269457817,0.05546580627560616,0.0533117949962616,0.06462035328149796,0.0743134096264839,0.086698979139328,0.11685514450073242,0.1050080806016922,0.09154549986124039,0.13570274412631989,0.16693592071533203,0.1459342986345291,0.13462574779987335,0.11954765766859055,0.10608508437871932,0.05815831944346428,0.05600430816411972,0.04146472737193108,0.03392568603157997,0.03231017664074898,0.040387723594903946,0.02961766347289085,0.03284868225455284,0.0425417348742485,0.023694129660725597,0.04954227432608605,0.12654820084571838,0.24824985861778257,0.7323639988899232,0.9951534867286682,0.9418416619300841,0.33602583408355713,0.0716208964586258,0.0,0.06569736450910568,0.08885298669338225,0.08292945474386214,0.0791599377989769,0.0743134096264839,0.09046849608421324,0.09746903926134108,0.10123855620622633,0.10877759754657744,0.11416263133287428,0.12762519717216492,0.15131932497024536,0.15401184558868408,0.0,0.0,0.0,0.0,0.0,0.0,0.0,0.0,0.0,0.0,0.0,0.0,0.0,0.0,0.0,0.0,0.0,0.0,0.0,0.0,0.0,0.0,0.0,0.0,0.0,0.0,0.0,0.0,0.0,0.0,0.0,0.0,0.0,0.0,0.0,0.0,0.0,0.0,0.0,0.0,0.0,0.0,0.0,0.0,0.0,0.0,0.0,0.0,0.0,0.0,0.0,0.0,0.0,0.0,0.0,0.0,0.0,0.0,0.0,0.0,0.0,0.0,0.0,0.0,0.0,0.0,0.0,0.0,0.0,0.0
0.9822695255279539,1.0,0.5241134762763977,0.22765956819057465,0.0,0.1283687949180603,0.32411348819732666,0.3304964601993561,0.3574468195438385,0.3794326186180114,0.3858155906200409,0.4134751856327057,0.41914892196655273,0.414893627166748,0.4042553305625916,0.4042553305625916,0.4212765991687775,0.44042554497718805,0.4475177228450775,0.4751773178577423,0.49219858646392817,0.5141844153404236,0.5198581814765929,0.5468084812164307,0.5723404288291931,0.6148936152458191,0.6574468016624451,0.6836879253387451,0.7262411117553712,0.7361702322959901,0.7659574747085571,0.7865248322486876,0.7879432439804077,0.7397162914276123,0.7070922255516052,0.611347496509552,0.5113475322723389,0.46453902125358576,0.40921986103057856,0.3716312050819397,0.34964537620544434,0.3397163152694702,0.32695034146308893,0.31134751439094543,0.30709218978881836,0.30425530672073364,0.3063829839229584,0.3028368651866913,0.3028368651866913,0.3021276593208313,0.304964542388916,0.3205673694610596,0.3000000119209289,0.3184397220611572,0.32198581099510193,0.326241135597229,0.33475178480148315,0.34326240420341486,0.35886526107788086,0.3411347568035126,0.33475178480148315,0.33475178480148315,0.3340425491333008,0.3375886380672455,0.3361702263355255,0.35177305340766907,0.3539007008075714,0.3439716398715973,0.3404255211353302,0.35248225927352905,0.3368794322013855,0.35957446694374084,0.32836878299713135,0.3141843974590301,0.2773049771785736,0.2744680941104889,0.26312056183815,0.26170212030410767,0.2602836787700653,0.2680850923061371,0.2680850923061371,0.2716312110424042,0.27234041690826416,0.2780141830444336,0.28297871351242065,0.2872340381145477,0.2716312110424042,0.28297871351242065,0.27375885844230646,0.2773049771785736,0.2815602719783783,0.2780141830444336,0.2666666805744171,0.2673758864402771,0.26312056183815,0.29858157038688654,0.32695034146308893,0.3723404109477997,0.4241134822368622,0.44893616437911993,0.4269503653049469,0.389361709356308,0.4014184474945068,0.3765957355499268,0.3617021143436432,0.30425530672073364,0.2872340381145477,0.2822695076465606,0.30425530672073364,0.31063830852508545,0.3120567500591278,0.326241135597229,0.3184397220611572,0.3361702263355255,0.3191489279270172,0.4340425431728363,0.49787235260009766,0.5751773118972777,0.8794326186180114,0.9269503355026243,0.5574468374252319,0.2645390033721924,0.015602837316691875,0.03687943145632744,0.26170212030410767,0.31773048639297485,0.34255319833755493,0.3780141770839691,0.3751772940158844,0.389361709356308,0.3992907702922821,0.40496453642845154,0.4070921838283538,0.414893627166748,0.4000000059604645,0.3978723287582397,0.4042553305625916,0.4085106253623962,0.4170212745666504,0.436170220375061,0.4539006948471069,0.4716311991214752,0.0,0.0,0.0,0.0,0.0,0.0,0.0,0.0,0.0,0.0,0.0,0.0,0.0,0.0,0.0,0.0,0.0,0.0,0.0,0.0,0.0,0.0,0.0,0.0,0.0,0.0,0.0,0.0,0.0,0.0,0.0,0.0,0.0,0.0,0.0,0.0,0.0,0.0,0.0,0.0,0.0,0.0,0.0,0.0,0.0,0.0
0.9441717863082884,0.9797546267509459,0.6263803839683533,0.14785276353359222,0.0,0.21042944490909576,0.29754599928855896,0.3533742427825928,0.40368098020553594,0.4202454090118408,0.4049079716205597,0.3883435726165771,0.39202454686164856,0.39631903171539307,0.4128834307193756,0.4079754650592804,0.4049079716205597,0.41717791557312006,0.42822086811065674,0.410429447889328,0.4312883317470551,0.43680980801582336,0.4122699499130249,0.46196317672729487,0.4226993918418884,0.42576688528060913,0.44785276055336,0.4546012282371521,0.4638036787509918,0.4521472454071045,0.4699386358261108,0.4834355711936951,0.493865042924881,0.5184049010276793,0.5398772954940796,0.5319018363952637,0.5558282136917113,0.5570552349090576,0.5638036727905273,0.5901840329170227,0.5926380157470703,0.5466257929801941,0.5214723944664001,0.500613510608673,0.47914111614227295,0.425153374671936,0.3852760791778565,0.3662576675415039,0.3766871094703674,0.37177914381027216,0.34417179226875305,0.34355828166007996,0.3263803720474243,0.33435583114624023,0.3570552170276642,0.3423312902450561,0.34417179226875305,0.34907975792884827,0.373006135225296,0.3932515382766724,0.37914109230041504,0.37914109230041504,0.3828220963478088,0.381595104932785,0.4049079716205597,0.40613496303558344,0.40674847364425654,0.39877301454544073,0.3760736286640167,0.3828220963478088,0.3803680837154389,0.37177914381027216,0.3889570534229279,0.3766871094703674,0.3797546029090881,0.3736196458339691,0.38466256856918335,0.3766871094703674,0.3803680837154389,0.37730062007904047,0.36687117815017695,0.3533742427825928,0.36134970188140875,0.3828220963478088,0.358282208442688,0.36196318268775934,0.36687117815017695,0.35214725136756897,0.34110429883003235,0.3625766932964325,0.3754601180553436,0.36932516098022466,0.3662576675415039,0.3662576675415039,0.37177914381027216,0.3705521523952484,0.329447865486145,0.3822085857391357,0.3742331266403198,0.36380368471145624,0.349693238735199,0.36748465895652765,0.404294490814209,0.4055214822292328,0.4570552110671997,0.43865031003952026,0.433128833770752,0.4300613403320313,0.433128833770752,0.4134969413280487,0.41901841759681696,0.4085889458656311,0.39141103625297546,0.39570552110672,0.358282208442688,0.35030674934387207,0.3607361912727356,0.3447852730751037,0.3263803720474243,0.33496931195259094,0.31717792153358454,0.33251532912254333,0.35030674934387207,0.33006134629249567,0.2736196219921112,0.37239262461662287,0.6453987956047058,0.9552147388458254,1.0,0.6392638087272644,0.16073620319366455,0.020245399326086044,0.23742331564426425,0.33558282256126404,0.36134970188140875,0.3705521523952484,0.3779141008853912,0.38773006200790405,0.38773006200790405,0.3907975554466248,0.39202454686164856,0.41165643930435186,0.3981595039367676,0.40184047818183893,0.41104295849800104,0.42638036608695984,0.4184049069881439,0.4049079716205597,0.41411042213439936,0.4079754650592804,0.41717791557312006,0.42822086811065674,0.4441717863082886,0.43435582518577576,0.4570552110671997,0.4447852671146393,0.46687117218971247,0.4803681075572968,0.48404908180236816,0.5214723944664001,0.512269914150238,0.5331288576126099,0.5539877414703369,0.5552147030830383,0.0,0.0,0.0,0.0,0.0,0.0,0.0,0.0,0.0,0.0,0.0,0.0,0.0,0.0,0.0,0.0,0.0,0.0,0.0,0.0,0.0,0.0,0.0,0.0
1.0,0.7501220107078552,0.1926142871379852,0.0,0.046201400458812714,0.10167561471462248,0.11192451417446136,0.11778102815151215,0.11566618084907532,0.11647958308458328,0.12314950674772263,0.12526436150074005,0.12737920880317688,0.13339839875698087,0.1348625272512436,0.1389295607805252,0.14446070790290833,0.15405888855457303,0.162680983543396,0.18106393516063687,0.1849682778120041,0.20416463911533356,0.2192939668893814,0.23767691850662231,0.2677728831768036,0.28745728731155396,0.3071416914463043,0.32113227248191833,0.3328453004360199,0.3308931291103363,0.3129982054233551,0.28404098749160767,0.24434684216976163,0.20595411956310272,0.17081503570079803,0.1512933075428009,0.1314462274312973,0.12087196856737135,0.1151781380176544,0.11176183819770812,0.11338864266872406,0.10379046946763992,0.10557995736598969,0.10769481211900712,0.11257524043321608,0.10850821435451508,0.10948430001735689,0.11599154025316238,0.11696762591600418,0.1096469834446907,0.11338864266872406,0.11582885682582857,0.1195705235004425,0.1195705235004425,0.11322596669197083,0.11241255700588226,0.11127379536628725,0.113063283264637,0.1101350262761116,0.1091589406132698,0.10883357375860214,0.10639335960149764,0.10395314544439316,0.10395314544439316,0.10053684562444686,0.10135025531053544,0.1021636575460434,0.10395314544439316,0.09891003370285034,0.10053684562444686,0.09939808398485184,0.09386692941188812,0.09809663146734236,0.09256547689437866,0.09386692941188812,0.10004880279302596,0.11371400952339172,0.13209696114063263,0.12510167062282562,0.13469985127449036,0.1260777562856674,0.1181063950061798,0.11631689965724944,0.11745566874742508,0.0972832292318344,0.09175207465887068,0.0907759889960289,0.0953310579061508,0.09045062959194183,0.09240280091762543,0.09158939123153687,0.09272816032171248,0.08670896291732787,0.07157963514328003,0.03904343396425247,0.09760858863592148,0.30242395401000977,0.6585326194763184,0.9993492960929871,0.7144948840141296,0.17000162601470947,0.02733040414750576,0.06979013979434967,0.12363754957914352,0.12689116597175598,0.12526436150074005,0.1200585663318634,0.1270538419485092,0.1304701417684555,0.13323572278022766,0.1369773894548416,0.14071905612945557,0.14218318462371826,0.1483650505542755,0.15243208408355713,0.16105417907238007,0.1706523448228836,0.1804132163524628,0.18773385882377625,0.20758093893527985,0.22791606187820437,0.24743777513504028,0.2713518738746643,0.29477792978286743,0.3170652389526367,0.3307304382324219,0.33984056115150446,0.3352855145931244,0.3159264624118805,0.0,0.0,0.0,0.0,0.0,0.0,0.0,0.0,0.0,0.0,0.0,0.0,0.0,0.0,0.0,0.0,0.0,0.0,0.0,0.0,0.0,0.0,0.0,0.0,0.0,0.0,0.0,0.0,0.0,0.0,0.0,0.0,0.0,0.0,0.0,0.0,0.0,0.0,0.0,0.0,0.0,0.0,0.0,0.0,0.0,0.0,0.0,0.0,0.0,0.0,0.0,0.0,0.0,0.0,0.0,0.0,0.0,0.0,0.0
1.0,0.811904788017273,0.2690476179122925,0.04563492164015769,0.05396825447678565,0.125,0.1269841343164444,0.11269841343164444,0.11190476268529892,0.11388888955116272,0.10952381044626236,0.1111111119389534,0.10952381044626236,0.10753968358039856,0.11865079402923584,0.12182539701461792,0.12460317462682724,0.13611111044883728,0.1408730149269104,0.1408730149269104,0.14126984775066376,0.15317460894584656,0.15158730745315552,0.15992063283920288,0.17182539403438568,0.18373015522956848,0.19960317015647888,0.2182539701461792,0.23928570747375488,0.2757936418056488,0.30912697315216064,0.33769840002059937,0.37063491344451904,0.4047619104385376,0.43888887763023376,0.4702380895614624,0.47857141494750977,0.4535714387893677,0.4035714268684387,0.3424603044986725,0.28531745076179504,0.23293650150299072,0.19365079700946808,0.16746032238006592,0.14920635521411896,0.13611111044883728,0.12579365074634552,0.1210317462682724,0.10833333432674408,0.11230158805847168,0.10952381044626236,0.10634920746088028,0.10833333432674408,0.10753968358039856,0.10873015969991684,0.11071428656578064,0.11071428656578064,0.11031746119260788,0.11071428656578064,0.10753968358039856,0.11190476268529892,0.11071428656578064,0.11071428656578064,0.1071428582072258,0.10198412835597992,0.10555555671453476,0.09603174775838853,0.09166666865348817,0.08968254178762437,0.08690476417541504,0.08611111342906952,0.07698412984609604,0.07777778059244157,0.07777778059244157,0.07500000298023222,0.075396828353405,0.07579365372657776,0.08015873283147812,0.07777778059244157,0.08769841492176056,0.1329365074634552,0.14642857015132904,0.13253968954086304,0.14166666567325592,0.1488095223903656,0.13531745970249176,0.11785714328289032,0.10753968358039856,0.09603174775838853,0.08611111342906952,0.06706349551677704,0.06150793656706809,0.06111111119389533,0.05912698432803153,0.05952380970120429,0.05873015895485877,0.06071428582072257,0.06825397163629532,0.0714285746216774,0.07777778059244157,0.08055555820465088,0.06468254327774048,0.0,0.05992063507437705,0.230158731341362,0.7035714387893677,1.0,0.7273809313774109,0.17380952835083008,0.025793651118874546,0.075396828353405,0.15119047462940216,0.13055555522441864,0.1289682537317276,0.12658730149269104,0.12420634925365448,0.12579365074634552,0.13333334028720856,0.13849206268787384,0.14404761791229248,0.14841270446777344,0.14642857015132904,0.14761905372142792,0.1547619104385376,0.16111111640930176,0.16507937014102936,0.1726190447807312,0.17539682984352112,0.0,0.0,0.0,0.0,0.0,0.0,0.0,0.0,0.0,0.0,0.0,0.0,0.0,0.0,0.0,0.0,0.0,0.0,0.0,0.0,0.0,0.0,0.0,0.0,0.0,0.0,0.0,0.0,0.0,0.0,0.0,0.0,0.0,0.0,0.0,0.0,0.0,0.0,0.0,0.0,0.0,0.0,0.0,0.0,0.0,0.0,0.0,0.0,0.0,0.0,0.0,0.0,0.0,0.0,0.0,0.0,0.0,0.0,0.0,0.0
1.0,0.9079833030700685,0.30105802416801447,0.005129849538207054,0.005771080497652292,0.0952228307723999,0.10259698331356049,0.10355883091688156,0.10227636992931365,0.10323821753263472,0.11381853371858595,0.10836806893348692,0.11478038132190704,0.11766591668128969,0.1141391471028328,0.12471946328878401,0.12087207287549973,0.12792561948299408,0.13273485004901883,0.13241423666477203,0.14620070159435272,0.15068931877613068,0.1599871814250946,0.17088811099529266,0.17986534535884857,0.20519396662712097,0.2260339856147766,0.2510420083999634,0.2815004885196686,0.31003525853157043,0.3497915863990784,0.375120222568512,0.40525808930397034,0.42705994844436646,0.423533171415329,0.39339530467987055,0.3321577310562134,0.2738057076931,0.22378967702388763,0.18018595874309537,0.16094902157783508,0.134658545255661,0.12856684625148773,0.12023084610700609,0.10708560794591904,0.11798653751611708,0.111574225127697,0.11285668611526488,0.11542160809040068,0.11445976048707962,0.12087207287549973,0.12087207287549973,0.11991022527217864,0.12215453386306761,0.12151330709457396,0.12728439271450043,0.12375761568546297,0.12920807301998138,0.12536069750785828,0.11991022527217864,0.12375761568546297,0.11894837766885756,0.119268998503685,0.11253607273101807,0.10612376034259796,0.11253607273101807,0.111574225127697,0.1090092957019806,0.10644437372684477,0.09458159655332563,0.10003206133842468,0.09842898696660995,0.0990702137351036,0.10580313950777052,0.10323821753263472,0.1407502442598343,0.1388265490531921,0.15004809200763702,0.1510099321603775,0.14620070159435272,0.14555947482585907,0.1243988424539566,0.11894837766885756,0.11381853371858595,0.1090092957019806,0.09810836613178253,0.0862455889582634,0.0862455889582634,0.08111574500799179,0.07470343261957169,0.08752805739641188,0.07790958881378172,0.0814363583922386,0.07951266318559647,0.07662712037563325,0.08848989754915237,0.07021481543779373,0.034947097301483154,0.0,0.169926255941391,0.5133055448532104,1.0,0.8111574053764342,0.24110291898250577,0.01282462291419506,0.03975633159279823,0.109329916536808,0.12247515469789504,0.12471946328878401,0.11798653751611708,0.1308111548423767,0.13145238161087036,0.134658545255661,0.134658545255661,0.13241423666477203,0.1362616270780563,0.1362616270780563,0.1420326977968216,0.14940686523914337,0.14812439680099487,0.16062840819358823,0.0,0.0,0.0,0.0,0.0,0.0,0.0,0.0,0.0,0.0,0.0,0.0,0.0,0.0,0.0,0.0,0.0,0.0,0.0,0.0,0.0,0.0,0.0,0.0,0.0,0.0,0.0,0.0,0.0,0.0,0.0,0.0,0.0,0.0,0.0,0.0,0.0,0.0,0.0,0.0,0.0,0.0,0.0,0.0,0.0,0.0,0.0,0.0,0.0,0.0,0.0,0.0,0.0,0.0,0.0,0.0,0.0,0.0,0.0,0.0,0.0,0.0,0.0,0.0,0.0,0.0,0.0
1.0,0.6259542107582092,0.23950381577014923,0.017175571992993355,0.030534351244568825,0.10687022656202316,0.15553435683250427,0.17223282158374786,0.18368320167064664,0.18988549709320068,0.19227099418640137,0.19990457594394684,0.2027671784162521,0.20658397674560544,0.21135495603084564,0.21469466388225555,0.21230916678905487,0.22232824563980105,0.22041985392570493,0.23091602325439453,0.22996182739734647,0.23425573110580444,0.24093511700630188,0.255248099565506,0.26240459084510803,0.2666984796524048,0.2867366373538971,0.29103052616119385,0.3010496199131012,0.31393128633499146,0.32824426889419556,0.3354007601737976,0.3373091518878937,0.3315839767456054,0.310591608285904,0.2886450290679932,0.2600190937519073,0.24188931286334991,0.23568701744079587,0.22041985392570493,0.20992366969585416,0.20562976598739624,0.1994274854660034,0.19561068713665009,0.19179388880729675,0.19990457594394684,0.19751907885074613,0.19227099418640137,0.18606869876384732,0.18416030704975128,0.18559160828590396,0.19083969295024872,0.18559160828590396,0.1932251900434494,0.19704198837280276,0.19608779251575467,0.19704198837280276,0.19513358175754547,0.19704198837280276,0.193702295422554,0.18940839171409607,0.18988549709320068,0.1965648829936981,0.1965648829936981,0.193702295422554,0.19465649127960205,0.1927480846643448,0.19179388880729675,0.19608779251575467,0.2070610672235489,0.1965648829936981,0.1932251900434494,0.1927480846643448,0.19417938590049744,0.1879771053791046,0.17843511700630188,0.1789122074842453,0.17795801162719727,0.17700381577014923,0.17938931286334991,0.18272900581359863,0.18940839171409607,0.18893130123615265,0.18988549709320068,0.18940839171409607,0.17938931286334991,0.17127862572669983,0.1822519153356552,0.181297704577446,0.18272900581359863,0.19417938590049744,0.21803435683250427,0.24618320167064664,0.2504771053791046,0.24666030704975128,0.2533397078514099,0.24236641824245447,0.25190839171409607,0.23664122819900513,0.22423663735389707,0.20610687136650083,0.18416030704975128,0.17700381577014923,0.17223282158374786,0.17175573110580444,0.16650763154029846,0.16889312863349915,0.13788168132305145,0.14312976598739624,0.3740457892417908,0.7142175436019897,0.9770992398262026,0.5042939186096193,0.12690839171409607,0.0,0.03291984647512436,0.12261450290679932,0.1517175585031509,0.17175573110580444,0.1789122074842453,0.18988549709320068,0.18845419585704803,0.19131679832935333,0.19513358175754547,0.19847328960895536,0.20562976598739624,0.2070610672235489,0.21517175436019895,0.22662213444709775,0.0,0.0,0.0,0.0,0.0,0.0,0.0,0.0,0.0,0.0,0.0,0.0,0.0,0.0,0.0,0.0,0.0,0.0,0.0,0.0,0.0,0.0,0.0,0.0,0.0,0.0,0.0,0.0,0.0,0.0,0.0,0.0,0.0,0.0,0.0,0.0,0.0,0.0,0.0,0.0,0.0,0.0,0.0,0.0,0.0,0.0,0.0,0.0,0.0,0.0,0.0,0.0,0.0,0.0,0.0,0.0,0.0,0.0,0.0
1.0,0.9324986338615416,0.490473598241806,0.19869352877140045,0.12357103824615479,0.13772454857826233,0.11105062812566756,0.14316821098327637,0.13663582503795624,0.1360914558172226,0.14752313494682312,0.11867174506187438,0.16113227605819702,0.1486118733882904,0.14697876572608948,0.16657593846321103,0.12955906987190247,0.16875340044498444,0.16929776966571808,0.1660315692424774,0.18562874197959897,0.15568862855434415,0.1834512799978256,0.18508437275886533,0.18998366594314572,0.2095808386802673,0.19651605188846588,0.22591181099414823,0.230266734957695,0.25476318597793574,0.2847033143043518,0.26782798767089844,0.3179096281528473,0.32226455211639404,0.32716384530067444,0.3587370812892914,0.34458357095718384,0.3772455155849457,0.3614588975906372,0.34458357095718384,0.34403920173645014,0.2906913459300995,0.2847033143043518,0.2525857388973236,0.23407730460166928,0.21230266988277435,0.16929776966571808,0.2030484527349472,0.1878062039613724,0.1660315692424774,0.17365269362926483,0.1311921626329422,0.16439847648143768,0.1551442593336105,0.16004355251789093,0.17147523164749143,0.14207947254180908,0.1622210144996643,0.1551442593336105,0.1709308624267578,0.18018507957458496,0.1573217213153839,0.182906910777092,0.1709308624267578,0.17038649320602417,0.1796407252550125,0.15623298287391663,0.19161677360534668,0.19107240438461304,0.17855198681354523,0.18998366594314572,0.1594991832971573,0.1796407252550125,0.1769188940525055,0.16439847648143768,0.16385410726070404,0.14207947254180908,0.16657593846321103,0.16276538372039795,0.1448013037443161,0.15187805891036987,0.13935764133930206,0.17474143207073212,0.16167664527893066,0.15568862855434415,0.16167664527893066,0.13772454857826233,0.15078933537006378,0.1573217213153839,0.14643439650535583,0.17038649320602417,0.13336962461471555,0.1551442593336105,0.1371801793575287,0.12847033143043518,0.13282525539398193,0.09961894154548644,0.12248230725526808,0.12084920704364777,0.116494283080101,0.12847033143043518,0.10070767253637312,0.11921611428260805,0.11812738329172134,0.1175830140709877,0.13064779341220856,0.09580838680267333,0.1213935762643814,0.10560696572065352,0.10288514196872713,0.14153511822223663,0.14752313494682312,0.1660315692424774,0.15242242813110352,0.13336962461471555,0.15242242813110352,0.07947740703821182,0.08111050724983214,0.05715841054916382,0.0544365830719471,0.05879150703549385,0.012520413845777512,0.032117582857608795,0.018508438020944595,0.012520413845777512,0.03647251054644585,0.015786608681082726,0.019597169011831284,0.0,0.24986390769481656,0.6145889759063721,0.8927599191665649,0.8279803991317749,0.3756124079227448,0.12901470065116882,0.08056613802909851,0.04899292439222336,0.07240065187215805,0.04899292439222336,0.043004900217056274,0.05062602087855339,0.01633097417652607,0.043004900217056274,0.02340772934257984,0.032117582857608795,0.04354926571249962,0.02721829153597355,0.05661404505372048,0.045726727694273,0.04246053472161293,0.060968972742557526,0.04191616922616959,0.07512248307466507,0.06859008967876433,0.06750135868787766,0.09199782460927965,0.08219923824071884,0.0,0.0,0.0,0.0,0.0,0.0,0.0,0.0,0.0,0.0,0.0,0.0,0.0,0.0,0.0,0.0,0.0,0.0,0.0,0.0,0.0,0.0,0.0,0.0,0.0,0.0,0.0,0.0,0.0,0.0,0.0
1.0,0.33485099673271174,0.0,0.12168873846530914,0.16349337995052335,0.1808774769306183,0.1754966825246811,0.1593542993068695,0.16142384707927704,0.1589404046535492,0.1593542993068695,0.159768208861351,0.16970199346542358,0.17218543589115143,0.16721853613853455,0.1763245016336441,0.1759105920791626,0.18377482891082764,0.19701986014842987,0.2040562927722931,0.1999172121286392,0.21481788158416748,0.22475165128707883,0.23427152633666992,0.25,0.2673841118812561,0.2860099375247956,0.3000827729701996,0.3240894079208374,0.34354305267333984,0.366307944059372,0.36299669742584234,0.3638245165348053,0.3522351086139679,0.33899006247520447,0.3166390657424927,0.2719370722770691,0.2582781314849853,0.23137417435646057,0.222268208861351,0.2168874144554138,0.20157285034656525,0.1982615888118744,0.20695364475250244,0.19205297529697415,0.19660596549510956,0.19950331747531888,0.20447020232677457,0.20819535851478577,0.20860926806926727,0.2040562927722931,0.2036423832178116,0.19619205594062805,0.20860926806926727,0.20488411188125608,0.19412252306938169,0.20074503123760223,0.18915562331676483,0.20074503123760223,0.17963576316833496,0.19743376970291135,0.18460264801979065,0.18625827133655548,0.1854304671287537,0.17880794405937195,0.16142384707927704,0.17880794405937195,0.1767384111881256,0.188327819108963,0.17839403450489044,0.180463582277298,0.1767384111881256,0.16846026480197906,0.16846026480197906,0.194536417722702,0.214403972029686,0.22061258554458615,0.24379138648509976,0.25248345732688904,0.22930464148521423,0.25331124663352966,0.25124171376228327,0.23468543589115143,0.21399006247520447,0.19081126153469083,0.17880794405937195,0.15645694732666016,0.1254139095544815,0.14776490628719327,0.13783112168312073,0.12955297529697418,0.12458609044551848,0.12127483636140823,0.12168873846530914,0.08816225081682205,0.17756623029708862,0.4246688783168793,0.764072835445404,0.9925496578216552,0.737582802772522,0.15521523356437683,0.03187086060643196,0.11920529603958128,0.13990066945552823,0.14072847366333008,0.13534767925739288,0.14445364475250244,0.13617549836635587,0.13451986014842987,0.12789735198020935,0.13286423683166504,0.15728476643562317,0.15066225826740265,0.14528146386146543,0.1593542993068695,0.16846026480197906,0.16928808391094208,0.0,0.0,0.0,0.0,0.0,0.0,0.0,0.0,0.0,0.0,0.0,0.0,0.0,0.0,0.0,0.0,0.0,0.0,0.0,0.0,0.0,0.0,0.0,0.0,0.0,0.0,0.0,0.0,0.0,0.0,0.0,0.0,0.0,0.0,0.0,0.0,0.0,0.0,0.0,0.0,0.0,0.0,0.0,0.0,0.0,0.0,0.0,0.0,0.0,0.0,0.0,0.0,0.0,0.0,0.0,0.0,0.0,0.0,0.0,0.0,0.0,0.0,0.0,0.0,0.0,0.0,0.0,0.0,0.0,0.0,0.0
1.0,0.7116137742996216,0.22966507077217105,0.118747279047966,0.0726402774453163,0.08699434250593185,0.06394084542989731,0.04480208829045296,0.0421922579407692,0.04001739993691444,0.03914745524525642,0.043062202632427216,0.0465419739484787,0.04784689098596573,0.051326662302017205,0.05611135438084602,0.054806437343358994,0.06089604273438454,0.06307090073823929,0.07220530509948729,0.0761200487613678,0.0809047445654869,0.09134406596422195,0.09395389258861539,0.10352326929569244,0.11178773641586304,0.11396259069442748,0.12614180147647855,0.13919095695018768,0.14745540916919708,0.1652892529964447,0.17964331805706024,0.2040017396211624,0.22792518138885495,0.2496737688779831,0.2679425776004791,0.29795563220977783,0.3210091292858124,0.33666810393333435,0.34101784229278564,0.32927361130714417,0.29926055669784546,0.26141801476478577,0.2205306589603424,0.17485862970352173,0.14267072081565857,0.11396259069442748,0.09134406596422195,0.07959982752799988,0.06829056143760681,0.06394084542989731,0.06002609804272652,0.05176163464784622,0.05263157933950424,0.055241409689188,0.05263157933950424,0.054806437343358994,0.056546323001384735,0.058286212384700775,0.062200956046581275,0.06437581777572632,0.06698564440011978,0.07003045082092285,0.0717703327536583,0.07351022213697433,0.07438016682863235,0.06916050612926483,0.06655067205429077,0.06437581777572632,0.05698129534721375,0.0591561533510685,0.057851240038871765,0.05741626769304276,0.05741626769304276,0.055241409689188,0.06002609804272652,0.057851240038871765,0.05611135438084602,0.057851240038871765,0.054806437343358994,0.057851240038871765,0.05089169368147849,0.05611135438084602,0.05698129534721375,0.056546323001384735,0.057851240038871765,0.05567638203501701,0.054371464997529984,0.04915180429816247,0.04871683195233345,0.051326662302017205,0.05045672133564949,0.04828186333179474,0.05002174898982048,0.051326662302017205,0.04958677664399147,0.04915180429816247,0.04393214359879494,0.04523706063628197,0.04610700160264969,0.04567203298211098,0.04523706063628197,0.04567203298211098,0.04610700160264969,0.04741191864013672,0.0465419739484787,0.0421922579407692,0.042627230286598206,0.04567203298211098,0.04523706063628197,0.0465419739484787,0.0421922579407692,0.041322313249111176,0.04523706063628197,0.04480208829045296,0.04480208829045296,0.0421922579407692,0.0421922579407692,0.03914745524525642,0.0421922579407692,0.039582427591085434,0.039582427591085434,0.04436711594462395,0.05567638203501701,0.06263592839241028,0.07481513917446136,0.08133970946073533,0.09612875431776047,0.11787733435630798,0.09438886493444441,0.08742931485176086,0.07568508386611937,0.05741626769304276,0.04393214359879494,0.0339277945458889,0.023923445492982864,0.02044367045164108,0.01696389727294445,0.01609395444393158,0.010439321398735046,0.014354066923260689,0.012614180333912373,0.01087429281324148,0.0,0.06829056143760681,0.1439756453037262,0.5515441298484801,0.9982601404190063,0.8499347567558287,0.34449762105941767,0.1317964345216751,0.06872553378343582,0.0887342318892479,0.06568072736263275,0.04610700160264969,0.041322313249111176,0.037842541933059685,0.041322313249111176,0.04393214359879494,0.04567203298211098,0.04523706063628197,0.04958677664399147,0.05089169368147849,0.05698129534721375,0.062200956046581275,0.06437581777572632,0.07307524979114531,0.07872988283634186,0.08177468180656433,0.09003914892673491,0.09438886493444441,0.0974336639046669,0.110047847032547,0.11178773641586304,0.12570682168006897,0.13266637921333313,0.0,0.0,0.0,0.0,0.0,0.0,0.0,0.0,0.0,0.0,0.0,0.0
0.9324824810028077,0.9081926941871645,0.662000834941864,0.3042404353618622,0.10251132398843764,0.0,0.08027995377779008,0.14409221708774567,0.14573898911476135,0.1486208289861679,0.16344174742698667,0.16591189801692963,0.1539728343486786,0.15479621291160583,0.16632358729839325,0.18114450573921204,0.19226019084453583,0.20502264797687528,0.20831617712974548,0.21655002236366272,0.22149032354354856,0.23754630982875824,0.24866199493408203,0.252367228269577,0.27171674370765686,0.2799505889415741,0.29230135679244995,0.31288596987724304,0.331000417470932,0.3622890114784241,0.3734046816825866,0.3832853138446808,0.39604777097702026,0.4042815864086151,0.41622066497802734,0.40881019830703735,0.4030465185642242,0.3692877590656281,0.33347055315971375,0.3046521246433258,0.27706876397132874,0.25648415088653564,0.2371346205472946,0.23960477113723755,0.2251955568790436,0.21407987177371976,0.20584602653980252,0.19431865215301516,0.1918485015630722,0.19143681228160855,0.18937835097312927,0.195553719997406,0.19226019084453583,0.1972004920244217,0.19884726405143735,0.19431865215301516,0.18567311763763428,0.19143681228160855,0.19473034143447876,0.19884726405143735,0.20214079320430756,0.20502264797687528,0.20543433725833887,0.21366818249225616,0.2107863277196884,0.21407987177371976,0.21572664380073547,0.21737340092659,0.22107863426208496,0.22396047413349152,0.21902017295360565,0.2272540181875229,0.2268423289060593,0.2235487848520279,0.21243309974670407,0.20955125987529755,0.20749279856681824,0.20502264797687528,0.20214079320430756,0.20214079320430756,0.1951420307159424,0.1918485015630722,0.19431865215301516,0.20543433725833887,0.21490325033664703,0.21490325033664703,0.21902017295360565,0.2260189354419708,0.2313709408044815,0.24413338303565976,0.26389461755752563,0.2799505889415741,0.3005352020263672,0.3137093484401703,0.32564842700958246,0.31206259131431574,0.30753397941589355,0.26801154017448425,0.26389461755752563,0.24619184434413907,0.20584602653980252,0.17455743253231049,0.1675586700439453,0.16097159683704376,0.16591189801692963,0.17373405396938324,0.17785096168518066,0.17332234978675842,0.15520790219306943,0.1959654241800308,0.4783861637115479,0.8970769643783569,1.0,0.8052696585655212,0.4026348292827606,0.19473034143447876,0.03458213433623314,0.07739810645580292,0.16508851945400238,0.16961713135242462,0.17044050991535187,0.17743927240371704,0.18526142835617063,0.19308356940746307,0.195553719997406,0.2099629491567612,0.2144915610551834,0.22272540628910065,0.22149032354354856,0.2268423289060593,0.23919308185577393,0.24125154316425323,0.2552490830421448,0.26965829730033875,0.0,0.0,0.0,0.0,0.0,0.0,0.0,0.0,0.0,0.0,0.0,0.0,0.0,0.0,0.0,0.0,0.0,0.0,0.0,0.0,0.0,0.0,0.0,0.0,0.0,0.0,0.0,0.0,0.0,0.0,0.0,0.0,0.0,0.0,0.0,0.0,0.0,0.0,0.0,0.0,0.0,0.0,0.0,0.0,0.0,0.0,0.0,0.0,0.0,0.0,0.0,0.0,0.0,0.0
0.9447291493415833,0.9234992861747741,0.666910707950592,0.34992679953575134,0.12079063057899476,0.013543191365897655,0.06112737953662872,0.11749634146690369,0.10724743455648422,0.10688140243291853,0.10358711332082748,0.10944363474845886,0.1116398274898529,0.12079063057899476,0.12664714455604553,0.12774524092674255,0.1270131766796112,0.13067349791526794,0.1336017549037933,0.13726207613945007,0.15007320046424863,0.15592971444129944,0.15592971444129944,0.16508053243160248,0.17679356038570404,0.18740849196910855,0.20754025876522064,0.21705709397792816,0.23938506841659543,0.26354318857193,0.2887994050979614,0.3158858120441437,0.33418741822242737,0.3488287031650543,0.3612737953662872,0.367130309343338,0.367130309343338,0.3576134741306305,0.33308932185173035,0.2946559190750122,0.2598828673362732,0.2262079119682312,0.19875548779964447,0.17496339976787567,0.1537335216999054,0.14604684710502625,0.13579794764518735,0.1270131766796112,0.1229868233203888,0.12152269482612608,0.11749634146690369,0.11237189173698424,0.11530014872550964,0.11346998810768127,0.11054173111915588,0.10724743455648422,0.11090776324272156,0.10871156305074692,0.10505124181509017,0.1101756989955902,0.10980966687202452,0.10761346668004988,0.1061493381857872,0.11054173111915588,0.10761346668004988,0.1032210811972618,0.10358711332082748,0.0991947278380394,0.1061493381857872,0.10065885633230208,0.09956075996160509,0.09699853509664536,0.096266470849514,0.09553440660238266,0.09187408536672592,0.09480234235525133,0.0922401174902916,0.0893118605017662,0.08821376413106918,0.0893118605017662,0.09114202111959456,0.09150805324316023,0.09443631023168564,0.09114202111959456,0.09150805324316023,0.08528550714254379,0.08491947501897812,0.09150805324316023,0.08967789262533188,0.0922401174902916,0.09040995687246321,0.0977305993437767,0.09516837447881697,0.09114202111959456,0.09516837447881697,0.09370424598455428,0.09004392474889755,0.09187408536672592,0.09480234235525133,0.096266470849514,0.09663250297307968,0.1002928242087364,0.0991947278380394,0.1002928242087364,0.0991947278380394,0.09846266359090804,0.09882869571447372,0.09992679208517073,0.09992679208517073,0.09882869571447372,0.1046852096915245,0.10139092057943344,0.10175695270299911,0.09809663146734236,0.10065885633230208,0.10212298482656477,0.09992679208517073,0.09846266359090804,0.0991947278380394,0.0991947278380394,0.0977305993437767,0.09882869571447372,0.09736456722021104,0.09736456722021104,0.09992679208517073,0.10797949880361556,0.11639824509620667,0.14421668648719788,0.16617862880229947,0.17679356038570404,0.21046851575374603,0.21961933374404907,0.21339677274227145,0.2163250297307968,0.17898975312709808,0.1731332391500473,0.1614202111959457,0.11346998810768127,0.08528550714254379,0.07686676084995268,0.07174231112003326,0.07064421474933624,0.06295754015445709,0.060395315289497375,0.030380673706531525,0.07174231112003326,0.2514641284942627,0.6910688281059265,1.0,0.9341142177581789,0.4882869720458984,0.20607613027095795,0.0,0.015007320791482924,0.08016105741262437,0.08857979625463484,0.0,0.0,0.0,0.0,0.0,0.0,0.0,0.0,0.0,0.0,0.0,0.0,0.0,0.0,0.0,0.0,0.0,0.0,0.0,0.0,0.0,0.0,0.0,0.0,0.0,0.0,0.0,0.0,0.0,0.0,0.0,0.0
0.9773349165916442,0.5521687865257263,0.10003907978534698,0.01289566233754158,0.07073075324296951,0.1234857365489006,0.10550996661186218,0.09691285341978072,0.09769441187381744,0.0953497439622879,0.09456819295883177,0.09730363637208937,0.093395859003067,0.09495896846055984,0.09652207791805267,0.09652207791805267,0.09847597032785416,0.10355607420206069,0.10550996661186218,0.11332552134990692,0.11684251576662064,0.12192262709140776,0.12934739887714383,0.13833528757095337,0.1531848311424255,0.1625635027885437,0.1836654990911484,0.20359516143798828,0.23212192952632904,0.26221179962158203,0.2930832505226135,0.3220007717609405,0.3614693284034729,0.39703008532524103,0.4259476363658905,0.44118797779083246,0.4294646382331848,0.38452520966529846,0.3270809054374695,0.2661195695400238,0.21375536918640137,0.1645173877477646,0.1316920667886734,0.11332552134990692,0.09417741000652312,0.08636186271905899,0.07932785898447037,0.07229386270046234,0.0734661966562271,0.07659241557121277,0.08089097589254379,0.07971864193677902,0.07854630798101425,0.08167252689599991,0.07932785898447037,0.07659241557121277,0.07698319852352142,0.07854630798101425,0.08245408535003662,0.08440797030925751,0.08753419667482376,0.09105119109153748,0.08753419667482376,0.08831574767827988,0.08753419667482376,0.0926143005490303,0.09105119109153748,0.08909730613231659,0.09222352504730225,0.09222352504730225,0.08518952876329422,0.08675263822078703,0.08440797030925751,0.0898788571357727,0.0871434137225151,0.0871434137225151,0.08167252689599991,0.07698319852352142,0.0781555324792862,0.07463853061199187,0.07073075324296951,0.0754200890660286,0.0699492022395134,0.06525986641645432,0.06330598145723343,0.06565064191818237,0.06486909091472626,0.08323563635349274,0.11645174026489256,0.12270417809486388,0.13286440074443817,0.13833528757095337,0.14107072353363037,0.13481828570365903,0.11996873468160628,0.10394685715436935,0.1008206307888031,0.0926143005490303,0.07776474952697755,0.06486909091472626,0.05197342857718468,0.05275498330593109,0.05275498330593109,0.05119187012314797,0.04689331725239754,0.05197342857718468,0.05705353617668152,0.05861664563417435,0.05431809276342392,0.057835090905427926,0.048065651208162315,0.0062524424865841866,0.0,0.16959749162197113,0.5306760668754578,1.0,0.8632278442382812,0.2661195695400238,0.021101992577314377,0.04650254175066948,0.11645174026489256,0.10902696102857588,0.10590074211359024,0.10629151761531828,0.10199296474456788,0.1016021892428398,0.10199296474456788,0.09925752133131027,0.10394685715436935,0.10511918365955351,0.10550996661186218,0.10824541002511978,0.11215318739414216,0.11449784785509108,0.0,0.0,0.0,0.0,0.0,0.0,0.0,0.0,0.0,0.0,0.0,0.0,0.0,0.0,0.0,0.0,0.0,0.0,0.0,0.0,0.0,0.0,0.0,0.0,0.0,0.0,0.0,0.0,0.0,0.0,0.0,0.0,0.0,0.0,0.0,0.0,0.0,0.0,0.0,0.0,0.0,0.0,0.0,0.0,0.0,0.0,0.0,0.0,0.0,0.0,0.0,0.0,0.0,0.0
1.0,0.7518280744552611,0.19986705482006076,0.04963438957929611,0.07844006270170212,0.09062707424163817,0.07378683984279633,0.0653667151927948,0.06647463142871857,0.06448038667440414,0.06492355465888977,0.06669621169567108,0.07134943455457687,0.07644582539796829,0.07755373418331146,0.08109904825687408,0.08597385138273238,0.08974074572324751,0.09483713656663895,0.09771770238876343,0.09971193969249725,0.10680256783962248,0.11234211921691895,0.12054066359996796,0.13051185011863708,0.13649457693099976,0.14868158102035522,0.16153334081172943,0.17837359011173248,0.19720806181430817,0.2138267159461975,0.23199646174907684,0.24839353561401367,0.2665632665157318,0.2740970551967621,0.2676711678504944,0.2441834658384323,0.21825836598873136,0.18612895905971527,0.15355639159679413,0.12054066359996796,0.10680256783962248,0.08841125667095184,0.07910481095314026,0.07644582539796829,0.07223576307296753,0.07134943455457687,0.06913361698389053,0.0653667151927948,0.06603146344423294,0.06182140484452248,0.06292931735515593,0.06204298511147499,0.06093507632613182,0.06448038667440414,0.06093507632613182,0.06315089762210846,0.06292931735515593,0.06603146344423294,0.06558830291032791,0.06292931735515593,0.06337247788906097,0.06292931735515593,0.06248614937067032,0.06448038667440414,0.05871925503015518,0.05938400328159332,0.05694659799337387,0.06027033179998398,0.05938400328159332,0.054952360689640045,0.0591624192893505,0.05406603217124938,0.056060269474983215,0.05628185346722602,0.049191225320100784,0.05295811966061592,0.05140704661607742,0.049855969846248634,0.050963882356882095,0.05074229836463928,0.05295811966061592,0.04963438957929611,0.050963882356882095,0.05118546262383461,0.04852648079395294,0.044759582728147514,0.045202746987342834,0.04498116672039032,0.04653223976492882,0.04653223976492882,0.04741856828331947,0.04564591124653816,0.04675382375717163,0.047640152275562286,0.044759582728147514,0.044759582728147514,0.04077110439538956,0.04365167394280434,0.044094838201999664,0.040106359869241714,0.041657432913780205,0.04276534542441368,0.04210059717297553,0.0463106594979763,0.04187901690602303,0.04343008995056152,0.044759582728147514,0.044759582728147514,0.05207179114222527,0.058276090770959854,0.08508752286434172,0.09483713656663895,0.09395080804824829,0.10724573582410812,0.11101263016462326,0.11345003545284273,0.0972745418548584,0.07688898593187331,0.07112785428762436,0.060491912066936486,0.04232218116521835,0.03722579032182693,0.03412364423274994,0.033902060240507126,0.03235098719596863,0.03013516589999199,0.031464658677577965,0.032129403203725815,0.0,0.006869045086205006,0.11876800656318665,0.41657432913780207,0.8945268988609315,0.8783514499664306,0.3828938603401184,0.07511632889509201,0.058276090770959854,0.09195657074451447,0.07112785428762436,0.05805451050400733,0.0573897622525692,0.05450919643044472,0.05406603217124938,0.060048747807741165,0.05849767476320267,0.0,0.0,0.0,0.0,0.0,0.0,0.0,0.0,0.0,0.0,0.0,0.0,0.0,0.0,0.0,0.0,0.0,0.0,0.0,0.0,0.0,0.0,0.0,0.0,0.0,0.0,0.0,0.0,0.0,0.0,0.0,0.0,0.0,0.0,0.0,0.0,0.0,0.0,0.0,0.0,0.0,0.0
0.961832046508789,0.7731128334999084,0.37828668951988226,0.17430025339126587,0.005937234964221716,0.0,0.06573367118835449,0.11068702489137648,0.0996607318520546,0.1013570800423622,0.1009329929947853,0.10644613951444624,0.10771840810775755,0.11323155462741852,0.12510602176189423,0.1229855790734291,0.13104325532913208,0.14673452079296112,0.17260390520095825,0.1785411387681961,0.17769296467304227,0.18575063347816467,0.19168786704540247,0.20653095841407773,0.2209499627351761,0.241730272769928,0.2514843046665192,0.2739609777927398,0.29516538977622986,0.31679388880729675,0.33799830079078674,0.3524172902107239,0.35835453867912287,0.3723494410514832,0.3715012669563293,0.3659881353378296,0.34860050678253174,0.31721797585487366,0.28837999701499933,0.24978795647621155,0.2234944850206375,0.2027141600847244,0.1959287524223328,0.18659880757331848,0.1781170517206192,0.16072943806648254,0.15860898792743683,0.15903307497501373,0.17005936801433563,0.16242578625679016,0.1649703085422516,0.16030533611774445,0.16369804739952087,0.1713316440582275,0.1666666716337204,0.168363019824028,0.1670907586812973,0.1658184975385666,0.16369804739952087,0.1543681025505066,0.15776081383228302,0.14927904307842255,0.15309584140777588,0.15182358026504517,0.14970314502716064,0.13994911313056943,0.13910093903541565,0.14418999850749967,0.14800678193569183,0.13910093903541565,0.14715860784053802,0.1348600536584854,0.13952502608299255,0.1446140855550766,0.14164546132087708,0.13782866299152374,0.13104325532913208,0.12934690713882446,0.13782866299152374,0.1429177224636078,0.14249363541603088,0.13655640184879303,0.14079728722572327,0.15012723207473755,0.1433418095111847,0.1433418095111847,0.15224766731262207,0.15564037859439847,0.15182358026504517,0.1552162915468216,0.16369804739952087,0.1653943955898285,0.17217981815338135,0.18023748695850367,0.2010178118944168,0.21628499031066892,0.21713316440582275,0.2692960202693939,0.27056828141212463,0.268871933221817,0.2862595319747925,0.25106021761894226,0.2434266358613968,0.21543681621551516,0.1882951706647873,0.1433418095111847,0.12468193471431732,0.13570822775363922,0.1331637054681778,0.1331637054681778,0.13358779251575467,0.13104325532913208,0.0996607318520546,0.1340118795633316,0.330788791179657,0.7493638396263121,1.0,0.8426632881164551,0.4041560590267181,0.19804918766021729,0.03138252720236778,0.029686175286769863,0.11323155462741852,0.14206954836845395,0.1450381726026535,0.14418999850749967,0.1433418095111847,0.15564037859439847,0.16115352511405945,0.17302799224853516,0.1819338351488113,0.189567431807518,0.18575063347816467,0.18363019824028012,0.18532654643058777,0.1861747205257416,0.1819338351488113,0.19847328960895536,0.2145886272192001,0.0,0.0,0.0,0.0,0.0,0.0,0.0,0.0,0.0,0.0,0.0,0.0,0.0,0.0,0.0,0.0,0.0,0.0,0.0,0.0,0.0,0.0,0.0,0.0,0.0,0.0,0.0,0.0,0.0,0.0,0.0,0.0,0.0,0.0,0.0,0.0,0.0,0.0,0.0,0.0,0.0,0.0,0.0,0.0,0.0,0.0,0.0,0.0,0.0
0.9252992272377014,0.9257119297981262,0.4482046961784362,0.15930664539337158,0.052414361387491226,0.10647957026958464,0.13413123786449432,0.1403219103813171,0.13165497779846191,0.13867107033729553,0.13743293285369873,0.14321090281009674,0.14733801782131195,0.15559224784374237,0.15229055285453796,0.15229055285453796,0.1634337604045868,0.1654973179101944,0.1749896854162216,0.18572017550468445,0.19933965802192688,0.2047049105167389,0.20965744554996488,0.2158481180667877,0.22245150804519653,0.23813454806804657,0.2591828405857086,0.27610400319099426,0.2839455306529999,0.3210895657539368,0.3433759808540344,0.36153528094291687,0.38671070337295527,0.40321916341781616,0.42302930355072016,0.43871232867240906,0.44077590107917786,0.4304580986499786,0.40280643105506897,0.3685513734817505,0.3318200707435608,0.2921997606754303,0.2529921531677246,0.2170862555503845,0.18613289296627045,0.17746594548225403,0.17457696795463562,0.1609574854373932,0.15765580534934995,0.1654973179101944,0.15889392793178558,0.15352869033813477,0.15105241537094116,0.16178292036056519,0.15022699534893036,0.167560875415802,0.1700371503829956,0.1663227379322052,0.15641766786575317,0.162608340382576,0.1749896854162216,0.1659100353717804,0.1638464778661728,0.1692117154598236,0.1696244329214096,0.1659100353717804,0.172926127910614,0.1646718978881836,0.1630210429430008,0.1613702028989792,0.1650846004486084,0.15394139289855957,0.15724308788776395,0.162608340382576,0.1650846004486084,0.15435411036014557,0.14898885786533356,0.15848122537136075,0.15765580534934995,0.15889392793178558,0.15559224784374237,0.15063969790935516,0.14816343784332275,0.15848122537136075,0.15352869033813477,0.14775072038173676,0.15806850790977478,0.15889392793178558,0.16013206541538239,0.18200577795505524,0.19686339795589447,0.24102352559566495,0.2571192681789398,0.2525794506072998,0.24226166307926175,0.24473792314529416,0.24845233559608457,0.2232769280672073,0.22699132561683652,0.18778373301029205,0.14816343784332275,0.1262897253036499,0.11886091530323029,0.1300041228532791,0.11390838027000429,0.10771770775318144,0.11267024278640748,0.11473380029201508,0.11060668528079987,0.08006603270769118,0.0,0.010317787528038023,0.1749896854162216,0.6021460890769958,0.8291374444961549,1.0,0.7115146517753601,0.23854725062847135,0.10028889775276184,0.11349566280841827,0.16013206541538239,0.1721007078886032,0.1708625704050064,0.1704498529434204,0.1733388304710388,0.1749896854162216,0.17540238797664642,0.18159306049346924,0.1919108480215073,0.1947998404502869,0.1927362829446793,0.19645068049430847,0.19851423799991608,0.22245150804519653,0.2154354155063629,0.21873709559440607,0.24432522058486936,0.24927775561809537,0.0,0.0,0.0,0.0,0.0,0.0,0.0,0.0,0.0,0.0,0.0,0.0,0.0,0.0,0.0,0.0,0.0,0.0,0.0,0.0,0.0,0.0,0.0,0.0,0.0,0.0,0.0,0.0,0.0,0.0,0.0,0.0,0.0,0.0,0.0,0.0,0.0,0.0,0.0,0.0,0.0,0.0,0.0,0.0,0.0,0.0,0.0,0.0,0.0,0.0
0.9429486989974976,0.5910256505012512,0.13910256326198575,0.0,0.10000000149011612,0.1692307740449905,0.2089743614196777,0.22820512950420377,0.214102566242218,0.21987178921699524,0.21858973801136017,0.21666666865348813,0.25128206610679626,0.24358974397182465,0.2352564036846161,0.2551282048225403,0.2423076927661896,0.25064101815223694,0.2564102709293365,0.26730769872665405,0.2737179398536682,0.2878205180168152,0.2961538434028625,0.3198717832565308,0.3301281929016113,0.3769230842590332,0.4012820422649384,0.4205128252506256,0.4583333432674408,0.4705128073692322,0.4961538314819336,0.49358972907066345,0.5032051205635071,0.5076923370361328,0.4608974456787109,0.43589743971824646,0.39423078298568726,0.35641026496887207,0.321153849363327,0.31217947602272034,0.2993589639663696,0.26217949390411377,0.2750000059604645,0.25448718667030334,0.27243590354919434,0.2570512890815735,0.26923078298568726,0.27435898780822754,0.27243590354919434,0.26730769872665405,0.2756410241127014,0.25833332538604736,0.2826923131942749,0.2801282107830048,0.28846153616905207,0.28525641560554504,0.26153847575187683,0.2967948615550995,0.2801282107830048,0.28141024708747864,0.26025640964508057,0.27179488539695734,0.2532051205635071,0.26858973503112793,0.25448718667030334,0.26730769872665405,0.2551282048225403,0.2564102709293365,0.2532051205635071,0.25064101815223694,0.2442307621240616,0.2576923072338104,0.25448718667030334,0.26987180113792414,0.26538461446762085,0.2955128252506256,0.34294870495796204,0.3493589758872986,0.37948718667030334,0.339102566242218,0.34871795773506165,0.3653846085071564,0.28717949986457825,0.29487180709838867,0.28141024708747864,0.24294871091842649,0.2211538404226303,0.2461538463830948,0.21089743077754972,0.21730768680572507,0.22179487347602844,0.19807691872119904,0.1903846114873886,0.2384615391492844,0.2025641053915024,0.21858973801136017,0.1596153825521469,0.17115384340286255,0.3205128312110901,0.6096153855323792,0.7730769515037536,1.0,0.39487180113792414,0.013461538590490818,0.027564102783799168,0.11858974397182465,0.18333333730697632,0.2083333283662796,0.20769231021404264,0.21794871985912323,0.23782050609588623,0.2121794819831848,0.21666666865348813,0.24551281332969663,0.25448718667030334,0.2538461685180664,0.2538461685180664,0.25256410241127014,0.25064101815223694,0.25448718667030334,0.2769230902194977,0.0,0.0,0.0,0.0,0.0,0.0,0.0,0.0,0.0,0.0,0.0,0.0,0.0,0.0,0.0,0.0,0.0,0.0,0.0,0.0,0.0,0.0,0.0,0.0,0.0,0.0,0.0,0.0,0.0,0.0,0.0,0.0,0.0,0.0,0.0,0.0,0.0,0.0,0.0,0.0,0.0,0.0,0.0,0.0,0.0,0.0,0.0,0.0,0.0,0.0,0.0,0.0,0.0,0.0,0.0,0.0,0.0,0.0,0.0,0.0,0.0,0.0,0.0,0.0,0.0,0.0,0.0
0.9650375843048096,0.8921052813529968,0.5796992778778076,0.36127820611000067,0.19360902905464167,0.11428571492433548,0.07443609088659286,0.05864661559462547,0.053007517009973526,0.04210526496171951,0.043609023094177246,0.03947368264198303,0.04812030121684074,0.043233081698417664,0.050751879811286926,0.06165413558483124,0.061278194189071655,0.05864661559462547,0.07180450856685638,0.07669173181056976,0.08496240526437758,0.09887217730283736,0.10375940054655076,0.11466165632009506,0.1248120293021202,0.13872180879116058,0.16203007102012634,0.18157894909381864,0.21654134988784793,0.23984962701797485,0.2703007459640503,0.30488720536231995,0.32255637645721436,0.34699249267578125,0.3477443754673004,0.3417293131351471,0.3154135346412658,0.26541352272033686,0.22857142984867093,0.19060149788856504,0.16353383660316467,0.129699245095253,0.1071428582072258,0.10563910007476807,0.093609020113945,0.10112781822681428,0.10300751775503159,0.09548871964216232,0.09736841917037965,0.09924811869859695,0.0981203019618988,0.10375940054655076,0.09849624335765839,0.09398496150970459,0.09097744524478912,0.10300751775503159,0.09548871964216232,0.08796992152929306,0.09097744524478912,0.08947368711233139,0.09248120337724684,0.08533834666013716,0.08684210479259491,0.07706766575574873,0.0759398490190506,0.07669173181056976,0.07406014949083328,0.0759398490190506,0.06879699230194092,0.06203007698059081,0.06654135137796402,0.07218044996261597,0.06390977650880814,0.06578947603702545,0.07481203228235245,0.0733082741498947,0.07030075043439865,0.06541353464126587,0.07443609088659286,0.06766917556524277,0.07067669183015823,0.07180450856685638,0.06954887509346008,0.07180450856685638,0.0714285746216774,0.07105263322591782,0.06766917556524277,0.07669173181056976,0.08909774571657181,0.10639097541570663,0.12255638837814332,0.12293232977390288,0.15263158082962036,0.18421052396297452,0.1763157844543457,0.1654135286808014,0.14812029898166656,0.129699245095253,0.13947369158267975,0.10338345915079115,0.09060150384902954,0.06804510951042175,0.0511278212070465,0.04661654308438301,0.050375938415527344,0.053383458405733115,0.03834586590528488,0.0,0.09248120337724684,0.27781954407691956,0.7345864772796631,0.9781954884529112,1.0,0.856766939163208,0.5349624156951904,0.3015037477016449,0.19248120486736295,0.13233081996440887,0.10827067494392396,0.09436090290546416,0.08496240526437758,0.07406014949083328,0.0733082741498947,0.0778195485472679,0.08157894760370255,0.08571428805589677,0.08233083039522171,0.08796992152929306,0.09172932058572768,0.0958646610379219,0.10187970101833344,0.1048872172832489,0.11015037447214127,0.12105263024568556,0.1364661604166031,0.14962406456470487,0.16428571939468384,0.1763157844543457,0.0,0.0,0.0,0.0,0.0,0.0,0.0,0.0,0.0,0.0,0.0,0.0,0.0,0.0,0.0,0.0,0.0,0.0,0.0,0.0,0.0,0.0,0.0,0.0,0.0,0.0,0.0,0.0,0.0,0.0,0.0,0.0,0.0,0.0,0.0,0.0,0.0,0.0,0.0,0.0,0.0,0.0,0.0,0.0,0.0,0.0,0.0,0.0,0.0,0.0
0.9270642399787904,0.4270642101764679,0.0866972506046295,0.10688073188066483,0.1045871526002884,0.06055045872926712,0.03623853251338005,0.027522936463356015,0.027981651946902275,0.02247706428170204,0.017431192100048065,0.02110091783106327,0.02385321073234081,0.02431192621588707,0.023394495248794556,0.02889908291399479,0.035779815167188644,0.03715596348047256,0.046330276876688,0.0522935763001442,0.05504587292671204,0.05779816582798958,0.062385320663452155,0.06834862381219864,0.07706422358751297,0.0857798159122467,0.09220183640718461,0.0931192636489868,0.1055045872926712,0.1197247728705406,0.1270642131567001,0.1513761430978775,0.1573394536972046,0.171100914478302,0.18807339668273923,0.1967889964580536,0.1977064162492752,0.19724771380424497,0.18899083137512207,0.17981651425361633,0.15596330165863037,0.1440366953611374,0.1197247728705406,0.10871559381484984,0.1050458699464798,0.092660553753376,0.08807339519262314,0.0853210985660553,0.08715596050024033,0.08761467784643173,0.07614678889513014,0.07889908552169798,0.07155963033437729,0.06880734115839005,0.06972476840019226,0.08211009204387663,0.08211009204387663,0.0793577954173088,0.0775229334831238,0.0733944922685623,0.07889908552169798,0.07981651276350021,0.0793577954173088,0.07981651276350021,0.08761467784643173,0.07568807154893875,0.07614678889513014,0.07798165082931519,0.07064220309257507,0.07018348574638367,0.07522935420274734,0.08211009204387663,0.06972476840019226,0.06972476840019226,0.06192660704255104,0.07155963033437729,0.05504587292671204,0.06192660704255104,0.0655963271856308,0.058715596795082085,0.06100917607545853,0.07660550624132156,0.06651376187801361,0.05504587292671204,0.06100917607545853,0.05550458654761314,0.05366972461342812,0.06284403800964355,0.07614678889513014,0.06055045872926712,0.058256879448890686,0.06100917607545853,0.06788990646600723,0.06467889994382858,0.05321101099252701,0.06376146525144577,0.06788990646600723,0.07568807154893875,0.07889908552169798,0.10963302850723267,0.14220184087753296,0.13532109558582303,0.13715596497058868,0.171100914478302,0.17247706651687622,0.15458714962005615,0.1504587084054947,0.09908256679773329,0.08486238867044447,0.06422018259763718,0.04816513881087303,0.04082568734884262,0.03486238420009613,0.03807339444756508,0.04403669759631157,0.04495412856340408,0.03715596348047256,0.0,0.005963302683085203,0.07981651276350021,0.4252293705940247,0.9486238360404968,1.0,0.47018349170684814,0.145871564745903,0.1637614667415619,0.1454128473997116,0.11651375889778136,0.09128440171480179,0.08119265735149382,0.08119265735149382,0.08715596050024033,0.09220183640718461,0.0720183476805687,0.08394495397806166,0.08761467784643173,0.07798165082931519,0.08990825712680817,0.09082568436861038,0.10321100801229476,0.1119266077876091,0.0,0.0,0.0,0.0,0.0,0.0,0.0,0.0,0.0,0.0,0.0,0.0,0.0,0.0,0.0,0.0,0.0,0.0,0.0,0.0,0.0,0.0,0.0,0.0,0.0,0.0,0.0,0.0,0.0,0.0,0.0,0.0,0.0,0.0,0.0,0.0,0.0,0.0,0.0,0.0,0.0,0.0,0.0,0.0,0.0,0.0,0.0
1.0,0.7483598589897155,0.12371134012937544,0.004686035681515932,0.008903468027710913,0.061387065798044205,0.11574508249759674,0.13917525112628937,0.1396438628435135,0.13730084896087646,0.1419868767261505,0.14245548844337463,0.1476101279258728,0.14901593327522275,0.15089035034179688,0.15370196104049683,0.15979380905628204,0.15979380905628204,0.1611996293067932,0.16541706025600433,0.16635426878929138,0.17900656163692474,0.1827553957700729,0.18697282671928403,0.19821929931640625,0.2052483558654785,0.22071227431297305,0.22961574792861936,0.2450796663761139,0.2567947506904602,0.276476114988327,0.2952202558517456,0.30552953481674194,0.3092783391475677,0.30552953481674194,0.2928772270679474,0.26429241895675654,0.24367384612560272,0.2272727340459824,0.20852857828140256,0.19493907690048215,0.19306467473506927,0.18509840965271,0.1822867840528488,0.18134957551956177,0.1822867840528488,0.18650421500205996,0.19212746620178223,0.18416120111942288,0.1827553957700729,0.18650421500205996,0.1818181872367859,0.1836925894021988,0.1935332715511322,0.18837863206863403,0.1855670064687729,0.18650421500205996,0.18416120111942288,0.18509840965271,0.17900656163692474,0.186035618185997,0.18134957551956177,0.17666354775428772,0.17713214457035065,0.19493907690048215,0.2061855643987656,0.2357075959444046,0.24133083224296567,0.23758201301097867,0.2760075032711029,0.2797563374042511,0.279287725687027,0.2722586691379547,0.24320524930953977,0.21790064871311188,0.2061855643987656,0.16213683784008026,0.1396438628435135,0.1382380574941635,0.14479850232601163,0.126522958278656,0.12792877852916715,0.12699156999588013,0.12886597216129303,0.1302717924118042,0.08434864133596419,0.1836925894021988,0.45688846707344055,0.7511715292930603,0.9442361593246462,0.9376757144927977,0.28678539395332336,0.023898782208561897,0.0,0.05248359963297844,0.09793814271688461,0.1513589471578598,0.14620430767536163,0.15417057275772095,0.155107781291008,0.1626054346561432,0.16588565707206726,0.1611996293067932,0.16166822612285614,0.18134957551956177,0.17666354775428772,0.17947515845298767,0.17478913068771362,0.18462979793548584,0.19775070250034327,0.18650421500205996,0.1996251195669174,0.2047797590494156,0.218369260430336,0.22867853939533236,0.23711340129375455,0.0,0.0,0.0,0.0,0.0,0.0,0.0,0.0,0.0,0.0,0.0,0.0,0.0,0.0,0.0,0.0,0.0,0.0,0.0,0.0,0.0,0.0,0.0,0.0,0.0,0.0,0.0,0.0,0.0,0.0,0.0,0.0,0.0,0.0,0.0,0.0,0.0,0.0,0.0,0.0,0.0,0.0,0.0,0.0,0.0,0.0,0.0,0.0,0.0,0.0,0.0,0.0,0.0,0.0,0.0,0.0,0.0,0.0,0.0,0.0,0.0,0.0,0.0,0.0,0.0,0.0,0.0,0.0,0.0,0.0,0.0,0.0
1.0,0.8804994225502014,0.3739595711231232,0.0,0.1533888280391693,0.29191437363624567,0.36444708704948425,0.422711044549942,0.4316290020942688,0.4334126114845276,0.4387633800506592,0.4435196220874786,0.447681337594986,0.4565992951393128,0.46135553717613215,0.46432816982269287,0.46789535880088806,0.46135553717613215,0.46313911676406866,0.46254459023475647,0.4744352102279663,0.4797859787940979,0.47919145226478577,0.48275861144065857,0.47919145226478577,0.48870393633842474,0.49583828449249273,0.5071343779563904,0.5089179277420044,0.5202140212059021,0.5255647897720337,0.524970293045044,0.5303210616111755,0.5356718301773071,0.5350772738456726,0.5386444926261902,0.5434007048606873,0.5279428958892822,0.584423303604126,0.5868014097213745,0.5945303440093994,0.5933412313461304,0.5885850191116333,0.5731272101402283,0.5457788109779358,0.5261593461036682,0.5005945563316345,0.4756242632865906,0.45422115921974177,0.4470868110656738,0.4334126114845276,0.4233056008815765,0.4209274649620056,0.4262782335281372,0.42925089597702026,0.4369798004627228,0.43638524413108826,0.44530320167541504,0.44887039065361023,0.4482758641242981,0.4447086751461029,0.454815685749054,0.4536266326904297,0.45600476861000067,0.44114148616790766,0.44887039065361023,0.4458977282047272,0.43579071760177607,0.42746728658676153,0.4191438853740692,0.4191438853740692,0.41141498088836664,0.4078477919101715,0.4036860764026642,0.3989298343658447,0.38763377070426946,0.39001187682151794,0.3989298343658447,0.39476811885833746,0.39833530783653254,0.3953626751899719,0.4019024968147278,0.3971462547779083,0.4036860764026642,0.39595720171928406,0.39001187682151794,0.39774078130722046,0.39120095968246454,0.3775267601013184,0.3840665817260742,0.39001187682151794,0.3816884756088257,0.3852556347846985,0.38644471764564514,0.39179548621177673,0.38763377070426946,0.38763377070426946,0.3852556347846985,0.38941735029220576,0.3781212866306305,0.38049939274787903,0.3846611082553864,0.39655172824859614,0.39833530783653254,0.3882282972335816,0.39001187682151794,0.4007134437561035,0.39655172824859614,0.3810939490795136,0.3840665817260742,0.3799048662185669,0.3882282972335816,0.41498216986656183,0.4506539702415466,0.43935790657997126,0.4464922845363617,0.4173602759838104,0.39833530783653254,0.4066587388515472,0.4066587388515472,0.40903687477111816,0.4007134437561035,0.39239001274108887,0.3769322335720062,0.35493460297584534,0.36325803399086,0.3662306666374207,0.3626635074615479,0.3626635074615479,0.36920332908630366,0.36979785561561584,0.36741974949836725,0.3626635074615479,0.3668252229690552,0.32401901483535767,0.428061842918396,0.696789562702179,0.9560047388076782,0.9429250955581664,0.48454222083091736,0.060642093420028687,0.043400712311267846,0.24316290020942688,0.3305588662624359,0.39774078130722046,0.4316290020942688,0.43757432699203486,0.43281808495521545,0.4423305690288544,0.4387633800506592,0.4458977282047272,0.43935790657997126,0.447681337594986,0.44887039065361023,0.4470868110656738,0.4447086751461029,0.4554102122783661,0.4673008322715759,0.45838287472724915,0.4708680212497711,0.4720570743083954,0.4720570743083954,0.4785968959331512,0.0,0.0,0.0,0.0,0.0,0.0,0.0,0.0,0.0,0.0,0.0,0.0,0.0,0.0,0.0,0.0,0.0,0.0,0.0,0.0,0.0,0.0,0.0,0.0,0.0
0.9840558171272276,0.7329347133636473,0.30991530418396,0.11310413479804993,0.13353262841701508,0.12107623368501665,0.12406577169895172,0.11559541523456572,0.1136023923754692,0.11808669567108154,0.12506228685379028,0.13054309785366058,0.14200298488140106,0.1544593870639801,0.16342800855636597,0.17438963055610657,0.1913303434848785,0.21026407182216644,0.21674139797687528,0.2476332783699036,0.2660687565803528,0.29696065187454224,0.33283507823944086,0.3602391481399536,0.3771798610687256,0.40358743071556086,0.4275037348270416,0.42401593923568726,0.4260089695453644,0.3906327784061432,0.3413054347038269,0.2959641218185425,0.25660189986228943,0.21524663269519803,0.19232685863971713,0.17737917602062225,0.16641753911972043,0.15944194793701172,0.15794718265533447,0.16342800855636597,0.15794718265533447,0.15545590221881866,0.13951170444488523,0.146487295627594,0.15246637165546417,0.1459890455007553,0.14748381078243256,0.14299950003623962,0.13602390885353088,0.138016939163208,0.13602390885353088,0.12954658269882202,0.1434977650642395,0.16940706968307495,0.17239661514759064,0.18983557820320127,0.2551071345806122,0.2381664216518402,0.26357749104499817,0.25710013508796686,0.2257100194692612,0.15047334134578705,0.1290483325719833,0.1026407554745674,0.09417040646076201,0.09317389130592346,0.08669656515121461,0.09566517174243928,0.08370702713727951,0.07922272384166716,0.08719481527805328,0.023418037220835686,0.0,0.14299950003623962,0.5675137042999268,1.0,0.7782760262489319,0.3687095046043396,0.10214249789714812,0.1136023923754692,0.13104134798049927,0.10513203591108322,0.1026407554745674,0.09417040646076201,0.09516691416502,0.09765819460153581,0.10612855106592178,0.11260587722063065,0.11659193038940428,0.14549078047275543,0.14997509121894836,0.0,0.0,0.0,0.0,0.0,0.0,0.0,0.0,0.0,0.0,0.0,0.0,0.0,0.0,0.0,0.0,0.0,0.0,0.0,0.0,0.0,0.0,0.0,0.0,0.0,0.0,0.0,0.0,0.0,0.0,0.0,0.0,0.0,0.0,0.0,0.0,0.0,0.0,0.0,0.0,0.0,0.0,0.0,0.0,0.0,0.0,0.0,0.0,0.0,0.0,0.0,0.0,0.0,0.0,0.0,0.0,0.0,0.0,0.0,0.0,0.0,0.0,0.0,0.0,0.0,0.0,0.0,0.0,0.0,0.0,0.0,0.0,0.0,0.0,0.0,0.0,0.0,0.0,0.0,0.0,0.0,0.0,0.0,0.0,0.0,0.0,0.0,0.0,0.0,0.0,0.0,0.0,0.0,0.0,0.0,0.0,0.0
1.0,0.7345254421234131,0.3603851497173309,0.19624026119709012,0.21458046138286593,0.20999541878700256,0.2063273787498474,0.20678587257862088,0.20265932381153104,0.20265932381153104,0.19440624117851257,0.19257222115993497,0.19394773244857788,0.20816139876842496,0.21916551887989044,0.2214580476284027,0.2342961877584457,0.24988538026809687,0.26226502656936646,0.2906923294067383,0.32095369696617126,0.339293897151947,0.36955526471138,0.3970655798912048,0.41540578007698054,0.4364970326423645,0.4392480552196503,0.4507106840610504,0.4424575865268707,0.4089867174625397,0.3631361722946167,0.3108665645122528,0.283356249332428,0.2503438889980316,0.22008253633975983,0.20678587257862088,0.18844567239284515,0.1985327899456024,0.1934892237186432,0.1824851036071777,0.18431912362575528,0.1769830286502838,0.17560751736164093,0.1746905148029327,0.17514900863170624,0.17514900863170624,0.16735441982746124,0.17239798605442047,0.17331498861312866,0.1779000461101532,0.17560751736164093,0.17285649478435516,0.16689592599868774,0.17377349734306335,0.19394773244857788,0.19990830123424527,0.2154974788427353,0.27143511176109314,0.2595139741897583,0.2801467180252075,0.2728106379508972,0.24025675654411316,0.17652453482151031,0.1485557109117508,0.12150389701128005,0.1114167794585228,0.11279229819774628,0.10545621067285536,0.09445208311080931,0.10408069938421248,0.09536909312009811,0.09995415061712264,0.038055937737226486,0.0,0.11875286698341368,0.46263182163238525,0.8890417218208314,0.7647867798805236,0.3768913447856903,0.11508482694625854,0.11233378946781158,0.16185235977172852,0.12150389701128005,0.1320495158433914,0.12929849326610565,0.13663457334041595,0.133883535861969,0.13801008462905884,0.141678124666214,0.1403026133775711,0.1549747884273529,0.0,0.0,0.0,0.0,0.0,0.0,0.0,0.0,0.0,0.0,0.0,0.0,0.0,0.0,0.0,0.0,0.0,0.0,0.0,0.0,0.0,0.0,0.0,0.0,0.0,0.0,0.0,0.0,0.0,0.0,0.0,0.0,0.0,0.0,0.0,0.0,0.0,0.0,0.0,0.0,0.0,0.0,0.0,0.0,0.0,0.0,0.0,0.0,0.0,0.0,0.0,0.0,0.0,0.0,0.0,0.0,0.0,0.0,0.0,0.0,0.0,0.0,0.0,0.0,0.0,0.0,0.0,0.0,0.0,0.0,0.0,0.0,0.0,0.0,0.0,0.0,0.0,0.0,0.0,0.0,0.0,0.0,0.0,0.0,0.0,0.0,0.0,0.0,0.0,0.0,0.0,0.0,0.0,0.0,0.0,0.0,0.0
0.8687127232551575,0.9663256406784057,0.19650468230247495,0.0,0.04646206274628639,0.15387894213199615,0.18329070508480072,0.1854219883680344,0.17178176343441007,0.17519181966781616,0.1722080111503601,0.17561806738376615,0.17519181966781616,0.17476555705070496,0.1905370801687241,0.17988064885139465,0.18968456983566284,0.1935208886861801,0.20502984523773196,0.2071611285209656,0.20545609295368197,0.21653878688812253,0.22506393492221832,0.2293265163898468,0.24637681245803836,0.26214835047721863,0.269394725561142,0.2898550629615784,0.31031543016433716,0.33631712198257446,0.3508099019527436,0.3729752898216248,0.40409207344055176,0.4313725531101226,0.44075021147727966,0.46632567048072815,0.47399830818176264,0.4748508036136627,0.4752770662307739,0.4607843160629272,0.4309462904930114,0.389599323272705,0.36274510622024536,0.3235294222831726,0.3179880678653717,0.2924126088619232,0.28388747572898865,0.27237850427627563,0.2719522714614868,0.27408355474472046,0.2612958252429962,0.26427963376045227,0.2668371796607971,0.26300084590911865,0.26854220032691956,0.2689684629440308,0.2664109170436859,0.2698209583759308,0.2689684629440308,0.27280476689338684,0.2655583918094635,0.26342710852622986,0.2668371796607971,0.25234442949295044,0.25873827934265137,0.25319692492485046,0.24168798327445984,0.25234442949295044,0.2497868686914444,0.2497868686914444,0.248081848025322,0.24680307507514956,0.23827792704105377,0.24637681245803836,0.248081848025322,0.239556685090065,0.24083545804023743,0.239556685090065,0.2361466288566589,0.2365728914737701,0.23913043737411496,0.2404092103242874,0.2442455291748047,0.23913043737411496,0.2442455291748047,0.26214835047721863,0.2958226799964905,0.29795396327972407,0.3026427924633026,0.31031543016433716,0.30520033836364746,0.29454389214515686,0.3175618052482605,0.33120205998420715,0.31031543016433716,0.2953964173793793,0.2766411006450653,0.2655583918094635,0.2365728914737701,0.2246376872062683,0.2233589142560959,0.21483376622200007,0.2067348659038544,0.20119352638721463,0.20332480967044833,0.19948849081993103,0.2092924118041992,0.19437339901924133,0.251491904258728,0.36871269345283514,0.6236146688461304,0.8167092800140381,1.0,0.36828643083572393,0.0895140692591667,0.013213980942964552,0.15260016918182373,0.20119352638721463,0.21355499327182767,0.18925830721855164,0.18329070508480072,0.19011083245277405,0.18414321541786197,0.1862745136022568,0.1867007613182068,0.18499574065208435,0.18115942180156708,0.1947996616363525,0.20332480967044833,0.20161977410316467,0.2075873762369156,0.21653878688812253,0.2246376872062683,0.0,0.0,0.0,0.0,0.0,0.0,0.0,0.0,0.0,0.0,0.0,0.0,0.0,0.0,0.0,0.0,0.0,0.0,0.0,0.0,0.0,0.0,0.0,0.0,0.0,0.0,0.0,0.0,0.0,0.0,0.0,0.0,0.0,0.0,0.0,0.0,0.0,0.0,0.0,0.0,0.0,0.0,0.0,0.0,0.0,0.0,0.0,0.0,0.0,0.0,0.0,0.0,0.0,0.0,0.0
0.9882478713989258,0.752136766910553,0.2195512801408768,0.0347222238779068,0.0,0.05181623995304108,0.08066239207983017,0.0822649598121643,0.07158119976520537,0.07905983179807664,0.08493589609861374,0.09294871985912323,0.08173076808452606,0.09775640815496445,0.09348290413618088,0.09775640815496445,0.1298076957464218,0.14209401607513428,0.16239316761493683,0.1725427359342575,0.18803419172763824,0.21741452813148496,0.2580128312110901,0.27938035130500793,0.3226495683193207,0.3637820482254028,0.39957264065742487,0.4417735040187836,0.47275641560554493,0.504807710647583,0.502136766910553,0.49145299196243286,0.46474358439445496,0.38354700803756714,0.31997862458229065,0.25053417682647705,0.18696580827236173,0.1378205120563507,0.11057692021131516,0.08867521584033966,0.07799145579338074,0.07104700803756714,0.07692307978868483,0.06517094373703003,0.05876068398356438,0.07478632777929306,0.06463675200939177,0.0625,0.07905983179807664,0.06891025602817535,0.0881410241127014,0.09081196784973145,0.08493589609861374,0.09508547186851501,0.09134615212678909,0.08867521584033966,0.08547008782625198,0.08920940011739731,0.08760683983564378,0.09188034385442732,0.07478632777929306,0.0822649598121643,0.08173076808452606,0.07425213605165482,0.07158119976520537,0.07532051205635072,0.07264957576990126,0.07692307978868483,0.07318376004695891,0.06730769574642181,0.07158119976520537,0.0694444477558136,0.06570512801408768,0.06570512801408768,0.07692307978868483,0.06570512801408768,0.06517094373703003,0.07905983179807664,0.09294871985912323,0.11485042423009872,0.12072649598121644,0.09508547186851501,0.1586538404226303,0.16613247990608215,0.16292734444141388,0.13728632032871246,0.11538461595773696,0.09722222387790681,0.06891025602817535,0.05982905998826026,0.03792735189199448,0.04166666790843009,0.04273504391312599,0.0486111119389534,0.03739316388964653,0.049679487943649285,0.04594017192721367,0.020833333954215046,0.07852564007043839,0.16346153616905212,0.4631410241127014,0.9914529919624328,1.0,0.6431623697280884,0.1597222238779068,0.03899572789669037,0.03792735189199448,0.08547008782625198,0.08920940011739731,0.07799145579338074,0.08707264810800552,0.08386752009391785,0.0961538478732109,0.09455128014087677,0.10256410390138626,0.10149572789669035,0.11965811997652052,0.13514956831932068,0.1458333283662796,0.15010683238506317,0.1752136796712875,0.0,0.0,0.0,0.0,0.0,0.0,0.0,0.0,0.0,0.0,0.0,0.0,0.0,0.0,0.0,0.0,0.0,0.0,0.0,0.0,0.0,0.0,0.0,0.0,0.0,0.0,0.0,0.0,0.0,0.0,0.0,0.0,0.0,0.0,0.0,0.0,0.0,0.0,0.0,0.0,0.0,0.0,0.0,0.0,0.0,0.0,0.0,0.0,0.0,0.0,0.0,0.0,0.0,0.0,0.0,0.0,0.0,0.0,0.0,0.0,0.0,0.0,0.0,0.0,0.0,0.0,0.0
0.9737196564674376,0.6152291297912598,0.23382748663425443,0.0033692722208797927,0.1071428582072258,0.2688679099082947,0.29851752519607544,0.3214285671710968,0.3349056541919708,0.3463611900806427,0.3537735939025879,0.3625336885452271,0.3632075488567352,0.36927223205566406,0.38005390763282776,0.3793800473213196,0.3901617228984833,0.40700808167457586,0.4191374778747559,0.4272237122058869,0.44002696871757513,0.46967655420303345,0.486522912979126,0.5249326229095458,0.5768194198608398,0.6159029603004456,0.6623989343643188,0.6994609236717224,0.7324798107147216,0.7540431022644043,0.7681940793991088,0.7614555358886719,0.7183288335800171,0.6536388397216797,0.5768194198608398,0.502021551132202,0.44070079922676086,0.3921832740306854,0.3584905564785004,0.3463611900806427,0.3328841030597687,0.3254716992378235,0.3247978389263153,0.3214285671710968,0.3113207519054413,0.3187331557273865,0.31266847252845764,0.3106468915939331,0.315363883972168,0.31603774428367615,0.32008087635040283,0.3214285671710968,0.31603774428367615,0.3247978389263153,0.33018869161605835,0.3247978389263153,0.33423179388046265,0.33018869161605835,0.33423179388046265,0.3349056541919708,0.33086252212524414,0.34097033739089966,0.3349056541919708,0.3322102427482605,0.33355796337127686,0.32412397861480713,0.32749325037002563,0.3254716992378235,0.32749325037002563,0.31940701603889465,0.3133423328399658,0.30121293663978577,0.2958221137523651,0.2971698045730591,0.3039083480834961,0.30188679695129395,0.30121293663978577,0.3005390763282776,0.29784366488456726,0.29784366488456726,0.30121293663978577,0.30525606870651245,0.29851752519607544,0.3113207519054413,0.30592992901802063,0.30727761983871454,0.2971698045730591,0.30727761983871454,0.32277628779411316,0.37398922443389887,0.40431267023086553,0.40498653054237366,0.4555256068706512,0.49326145648956293,0.46832883358001703,0.46765497326850886,0.4326145648956298,0.3719676434993744,0.3463611900806427,0.3086253404617309,0.2931266725063324,0.2897574007511139,0.2971698045730591,0.28773584961891174,0.2809973061084748,0.2890835702419281,0.2890835702419281,0.2958221137523651,0.4252021610736847,0.45013478398323054,0.5822102427482605,1.0,0.9433962106704714,0.5384097099304199,0.14824797213077545,0.0,0.20148247480392456,0.31199461221694946,0.32951483130455017,0.35309973359107966,0.3625336885452271,0.37129381299018854,0.37870618700981135,0.3854447305202484,0.38881400227546686,0.39959567785263056,0.400943398475647,0.4117250740528106,0.4184636175632477,0.427897572517395,0.4359838366508484,0.4541778862476349,0.4743935167789459,0.4925875961780548,0.5148248076438904,0.5464959740638733,0.5950134992599487,0.637466311454773,0.6832883954048157,0.722371995449066,0.7506738305091859,0.7722371816635133,0.7823449969291686,0.7708894610404968,0.731805920600891,0.669137477874756,0.5916442275047302,0.5060647130012512,0.45013478398323054,0.39959567785263056,0.0,0.0,0.0,0.0,0.0,0.0,0.0,0.0,0.0,0.0,0.0,0.0,0.0,0.0,0.0,0.0,0.0,0.0,0.0,0.0,0.0,0.0,0.0,0.0,0.0,0.0,0.0,0.0,0.0,0.0,0.0,0.0,0.0,0.0,0.0,0.0,0.0,0.0
1.0,0.8921113610267638,0.3300464153289795,0.007540603168308736,0.13341067731380463,0.3010440766811371,0.3892111480236053,0.4530162513256073,0.468097448348999,0.48201856017112726,0.5011600852012633,0.5,0.502900242805481,0.5098608136177063,0.5179814100265503,0.5232018828392029,0.5243619680404663,0.5185614824295044,0.5237818956375122,0.5220417380332947,0.5191415548324585,0.5243619680404663,0.5261020660400392,0.5278422236442566,0.5162413120269775,0.5266821384429932,0.5359628796577454,0.5411832928657532,0.5359628796577454,0.54350346326828,0.5388631224632263,0.5440835356712341,0.558584690093994,0.5690255165100098,0.5771461725234985,0.5707656741142273,0.5777262449264526,0.5852668285369873,0.5910673141479492,0.5974478125572205,0.5997679829597473,0.6003480553627014,0.5829466581344604,0.564385175704956,0.5359628796577454,0.5127609968185425,0.49071925878524786,0.48839905858039856,0.4744779467582703,0.46983757615089417,0.46345707774162287,0.460556834936142,0.4582366645336151,0.4640371203422546,0.4599767923355103,0.4617169499397278,0.47215777635574335,0.4715777337551117,0.4779582321643829,0.48433876037597656,0.4860788881778717,0.48723897337913513,0.4895591735839844,0.4901392161846161,0.48317864537239075,0.4878190159797669,0.4779582321643829,0.46867749094963074,0.46345707774162287,0.4628770351409912,0.46345707774162287,0.460556834936142,0.4564965069293976,0.4541763365268707,0.4495359659194946,0.4483758807182312,0.44315543770790095,0.4396751821041107,0.4315545260906219,0.42865428328514094,0.421693742275238,0.4234338700771332,0.4106728434562683,0.41357308626174927,0.414153128862381,0.41357308626174927,0.41763341426849365,0.4112528860569,0.414153128862381,0.40139210224151606,0.39965197443962097,0.4008120596408844,0.4008120596408844,0.3955916464328766,0.4054524302482605,0.4164733290672302,0.460556834936142,0.4646171629428864,0.4611368775367737,0.4588167071342468,0.42865428328514094,0.42053365707397455,0.41183295845985407,0.41763341426849365,0.41183295845985407,0.3921113610267639,0.3955916464328766,0.36948955059051514,0.3590487241744995,0.3625290095806122,0.36658933758735657,0.3654292225837708,0.3596287667751312,0.36948955059051514,0.3712297081947327,0.3712297081947327,0.37064966559410095,0.3654292225837708,0.36774942278862,0.5307424664497375,0.8277262449264526,0.9796983599662781,0.8805104494094848,0.3758700788021088,0.0,0.10150811821222304,0.2871229648590088,0.37703016400337214,0.4385150671005249,0.4564965069293976,0.460556834936142,0.4617169499397278,0.47099769115448,0.47621810436248774,0.48317864537239075,0.4895591735839844,0.4936195015907288,0.49071925878524786,0.48549884557724,0.48665893077850336,0.4878190159797669,0.4814385175704956,0.47969838976860046,0.4802784323692322,0.48085847496986395,0.4802784323692322,0.48317864537239075,0.0,0.0,0.0,0.0,0.0,0.0,0.0,0.0,0.0,0.0,0.0,0.0,0.0,0.0,0.0,0.0,0.0,0.0,0.0,0.0,0.0,0.0,0.0,0.0,0.0,0.0,0.0,0.0,0.0,0.0,0.0,0.0,0.0,0.0,0.0,0.0,0.0,0.0,0.0,0.0,0.0
0.9626044631004332,0.8732951879501343,0.5239771008491516,0.239771232008934,0.0,0.1421029418706894,0.22965243458747864,0.29652440547943115,0.28860536217689514,0.3000440001487732,0.32160142064094543,0.30928289890289307,0.33040034770965576,0.33040034770965576,0.3400791883468628,0.3550373911857605,0.34139904379844666,0.3567971885204315,0.351957768201828,0.3589969277381897,0.37439507246017456,0.35767707228660583,0.3757149279117584,0.37131544947624207,0.3757149279117584,0.3959524929523468,0.38055434823036194,0.4161900579929352,0.4249890148639679,0.4351077973842621,0.4359876811504364,0.38935327529907227,0.38099429011344904,0.3449186086654663,0.33347997069358826,0.3361196517944336,0.3088429272174835,0.32292124629020685,0.30752310156822205,0.30400350689888,0.3207215070724488,0.30356356501579285,0.3185217678546905,0.31368234753608704,0.3141223192214966,0.3361196517944336,0.33655962347984314,0.37879455089569086,0.396392434835434,0.39947205781936646,0.44742631912231445,0.4505059421062469,0.44962605834007263,0.4764628112316132,0.4557853043079376,0.4390673041343689,0.3985921740531921,0.3603167533874512,0.32292124629020685,0.30444347858428955,0.3062032461166382,0.2837659418582916,0.29080510139465326,0.2820061445236206,0.2749670147895813,0.288165420293808,0.2683677971363068,0.27804663777351374,0.2749670147895813,0.3185217678546905,0.5868895649909973,1.0,0.8306203484535217,0.4865816235542297,0.17905850708484647,0.02903651632368565,0.14650242030620575,0.26660799980163574,0.2982842028141022,0.2991640865802765,0.32468104362487793,0.3172019422054291,0.3339199423789978,0.33435988426208496,0.0,0.0,0.0,0.0,0.0,0.0,0.0,0.0,0.0,0.0,0.0,0.0,0.0,0.0,0.0,0.0,0.0,0.0,0.0,0.0,0.0,0.0,0.0,0.0,0.0,0.0,0.0,0.0,0.0,0.0,0.0,0.0,0.0,0.0,0.0,0.0,0.0,0.0,0.0,0.0,0.0,0.0,0.0,0.0,0.0,0.0,0.0,0.0,0.0,0.0,0.0,0.0,0.0,0.0,0.0,0.0,0.0,0.0,0.0,0.0,0.0,0.0,0.0,0.0,0.0,0.0,0.0,0.0,0.0,0.0,0.0,0.0,0.0,0.0,0.0,0.0,0.0,0.0,0.0,0.0,0.0,0.0,0.0,0.0,0.0,0.0,0.0,0.0,0.0,0.0,0.0,0.0,0.0,0.0,0.0,0.0,0.0,0.0,0.0,0.0,0.0,0.0,0.0,0.0
0.9193163514137267,0.8608903288841246,0.5151033401489258,0.21303656697273252,0.05723370611667633,0.0,0.07710652053356169,0.12042925506830215,0.12480127066373824,0.12519872188568115,0.1347376853227615,0.1339427679777145,0.14546899497509003,0.14705882966518402,0.1565977782011032,0.1669316440820694,0.171701118350029,0.18163752555847168,0.1764705926179886,0.1748807579278946,0.1752782166004181,0.1852146238088608,0.19236883521080017,0.20667727291584012,0.22257551550865173,0.2503974437713623,0.2591415047645569,0.2678855359554291,0.28974562883377075,0.31001588702201843,0.3302861750125885,0.3473767936229706,0.3541335463523865,0.3461844325065613,0.3521462678909302,0.3545309901237488,0.3358505666255951,0.30484896898269653,0.277027040719986,0.2627185881137848,0.236486479640007,0.2193958610296249,0.20866455137729645,0.183624804019928,0.17845787107944489,0.1764705926179886,0.18282988667488095,0.1804451495409012,0.18402226269245148,0.1899840980768204,0.18759936094284055,0.1883942782878876,0.18640699982643127,0.18402226269245148,0.18799681961536407,0.19117647409439087,0.19554848968982697,0.19515103101730344,0.20747217535972595,0.20866455137729645,0.20270270109176636,0.20627981424331665,0.20349761843681333,0.21065182983875275,0.20349761843681333,0.19515103101730344,0.19356121122837064,0.1899840980768204,0.19038155674934387,0.183624804019928,0.18481716513633728,0.18481716513633728,0.1915739327669144,0.18958663940429688,0.1899840980768204,0.19554848968982697,0.20190778374671936,0.20111288130283356,0.183624804019928,0.18640699982643127,0.1899840980768204,0.19117647409439087,0.1931637525558472,0.19197137653827667,0.19554848968982697,0.19912560284137723,0.20786963403224945,0.21144674718379972,0.20389507710933685,0.19117647409439087,0.19356121122837064,0.19515103101730344,0.19117647409439087,0.19872814416885373,0.20588235557079315,0.20826709270477292,0.20707471668720245,0.21581876277923584,0.20985691249370572,0.20667727291584012,0.20389507710933685,0.20151033997535703,0.19475357234478,0.1915739327669144,0.19236883521080017,0.20826709270477292,0.22893482446670527,0.24006359279155728,0.2535771131515503,0.27980920672416687,0.29848966002464294,0.30325913429260254,0.30484896898269653,0.2802066802978516,0.2678855359554291,0.2571542263031006,0.2484101802110672,0.20548489689826965,0.1852146238088608,0.1804451495409012,0.1804451495409012,0.17925278842449188,0.17885532975196838,0.1796502321958542,0.15540540218353271,0.18402226269245148,0.27265501022338867,0.6422893404960632,1.0,0.9220985770225525,0.5548489689826965,0.28775835037231445,0.12281399220228197,0.056041333824396126,0.12957075238227844,0.182034969329834,0.1780604124069214,0.18084260821342468,0.18600954115390775,0.20111288130283356,0.20230524241924283,0.21065182983875275,0.21860095858573916,0.22297297418117523,0.2352941185235977,0.24165341258049008,0.25079491734504694,0.2420508712530136,0.2503974437713623,0.2643084228038788,0.27941176295280457,0.29133546352386475,0.30445152521133423,0.0,0.0,0.0,0.0,0.0,0.0,0.0,0.0,0.0,0.0,0.0,0.0,0.0,0.0,0.0,0.0,0.0,0.0,0.0,0.0,0.0,0.0,0.0,0.0,0.0,0.0,0.0,0.0,0.0,0.0,0.0,0.0,0.0,0.0,0.0
1.0,0.5327596068382263,0.1188228726387024,0.11604663729667664,0.12298722565174101,0.11327040195465088,0.09439200162887572,0.08939477801322937,0.09161576628684995,0.08995002508163452,0.08661854267120361,0.09328150749206544,0.09605774283409119,0.09744586050510406,0.0924486368894577,0.08856190741062163,0.09189338982105257,0.0980011075735092,0.09217101335525511,0.09966684877872467,0.10133258998394012,0.09938922524452208,0.10771793127059937,0.12187673151493073,0.13548028469085693,0.14769572019577026,0.16823986172676086,0.19017212092876437,0.2204330861568451,0.2534703016281128,0.26651859283447266,0.28345364332199097,0.3078845143318176,0.33148249983787537,0.33203774690628046,0.31343698501586914,0.28956136107444763,0.25402554869651794,0.2168239802122116,0.17851193249225616,0.15380343794822693,0.11993336677551268,0.10605219006538393,0.09716823697090149,0.0877290368080139,0.09716823697090149,0.08634091913700102,0.08745141327381134,0.09689061343669891,0.08023320138454437,0.09161576628684995,0.09328150749206544,0.08689616620540618,0.10355357825756072,0.09550249576568605,0.09161576628684995,0.0924486368894577,0.09911160171031953,0.09772348403930664,0.10188783705234528,0.10744030773639678,0.1016102135181427,0.09605774283409119,0.09994447231292723,0.10355357825756072,0.11493614315986632,0.13409216701984403,0.16379788517951965,0.17434757947921753,0.17268183827400208,0.16296501457691193,0.14103275537490845,0.11910049617290495,0.09217101335525511,0.07107162475585938,0.06996113061904907,0.056912824511528015,0.042754024267196655,0.051915600895881646,0.04691837728023529,0.04247640073299408,0.03803442418575287,0.05052748322486877,0.047196000814437866,0.025263741612434387,0.0,0.1965574622154236,0.547751247882843,0.9033870100975037,0.8892282247543336,0.23931148648262024,0.05413658916950226,0.0719044953584671,0.09855635464191437,0.07717934250831603,0.05385896563529968,0.05663520097732544,0.05413658916950226,0.05385896563529968,0.05080510675907135,0.059689059853553765,0.06218767166137695,0.06413103640079498,0.04497501254081726,0.05274847149848937,0.06357578933238983,0.0502498596906662,0.051915600895881646,0.06885063648223877,0.0707940012216568,0.08856190741062163,0.08245418965816499,0.10466407239437105,0.11132703721523284,0.14047750830650327,0.157690167427063,0.17740143835544586,0.21321487426757807,0.23931148648262024,0.25763463973999023,0.2856746315956116,0.30316489934921265,0.3139922320842743,0.29233759641647333,0.2590227723121643,0.2176568508148193,0.17240421473979947,0.13603553175926208,0.10660743713378906,0.08023320138454437,0.07245974242687225,0.06524153053760529,0.0524708479642868,0.05857856571674346,0.06191004812717438,0.06357578933238983,0.05830094218254089,0.05385896563529968,0.0616324245929718,0.0685730129480362,0.07273736596107483,0.0719044953584671,0.0821765661239624,0.07662409543991087,0.0,0.0,0.0,0.0,0.0,0.0,0.0,0.0,0.0,0.0,0.0,0.0,0.0,0.0,0.0,0.0,0.0,0.0,0.0,0.0,0.0,0.0,0.0,0.0,0.0,0.0,0.0,0.0,0.0,0.0,0.0,0.0,0.0,0.0,0.0,0.0,0.0,0.0,0.0,0.0,0.0,0.0,0.0,0.0
1.0,0.5340501666069031,0.3096774220466614,0.07849462330341339,0.029749104753136635,0.08673834800720215,0.1387096792459488,0.1340501755475998,0.13369175791740415,0.14050179719924927,0.14086021482944489,0.1437276005744934,0.14731182157993317,0.14444445073604584,0.14767025411128995,0.14910393953323364,0.14982078969478607,0.1559139788150787,0.15698924660682678,0.16164875030517578,0.17526881396770477,0.17777778208255768,0.18602150678634644,0.1964157670736313,0.20537634193897247,0.22007168829441073,0.2329749166965485,0.24444444477558133,0.2498207837343216,0.2569892406463623,0.2641577124595642,0.26021504402160645,0.2612903118133545,0.24587813019752505,0.2315412163734436,0.2043010741472244,0.1810035854578018,0.15806451439857483,0.14086021482944489,0.12867383658885956,0.11756272614002228,0.10824372619390488,0.10752688348293304,0.10788530111312866,0.1068100333213806,0.10573476552963255,0.10501792281866072,0.11003584414720537,0.10716845840215682,0.10752688348293304,0.11326164752244948,0.1111111119389534,0.11075268685817719,0.10824372619390488,0.116129033267498,0.11863799393177032,0.11397849768400192,0.1136200726032257,0.10788530111312866,0.10322580486536026,0.10286738723516464,0.10143369436264038,0.10035842657089232,0.09641577303409576,0.09390681236982344,0.0946236550807953,0.08853046596050262,0.08781362324953078,0.08673834800720215,0.08387096971273422,0.08387096971273422,0.08100358396768571,0.08387096971273422,0.07921146601438521,0.08207885175943375,0.08387096971273422,0.083512544631958,0.08458781242370605,0.0860215052962303,0.08422938734292984,0.08279570192098618,0.08028674125671385,0.08279570192098618,0.0856630802154541,0.07956989109516142,0.08637993037700653,0.10537634044885635,0.12867383658885956,0.12616486847400665,0.11254480481147766,0.10322580486536026,0.09605734795331955,0.09569892287254332,0.08960573375225067,0.0910394266247749,0.0813620090484619,0.06415770947933197,0.05949820950627327,0.059139784425497055,0.05806451663374901,0.05878136307001114,0.059139784425497055,0.0716845914721489,0.07096774131059647,0.07383512705564499,0.07956989109516142,0.08745519816875458,0.06523297727108002,0.17275986075401306,0.4795698821544647,0.9372760057449341,0.6379928588867188,0.3587813675403595,0.1390680968761444,0.0,0.04910394176840782,0.10967741906642912,0.11505376547574996,0.11182795464992525,0.11075268685817719,0.11254480481147766,0.11433691531419754,0.1204301044344902,0.12114695459604265,0.11827956885099412,0.12222222238779068,0.11899641901254653,0.1250896006822586,0.12831541895866394,0.13835126161575317,0.1505376398563385,0.15412186086177823,0.0,0.0,0.0,0.0,0.0,0.0,0.0,0.0,0.0,0.0,0.0,0.0,0.0,0.0,0.0,0.0,0.0,0.0,0.0,0.0,0.0,0.0,0.0,0.0,0.0,0.0,0.0,0.0,0.0,0.0,0.0,0.0,0.0,0.0,0.0,0.0,0.0,0.0,0.0,0.0,0.0,0.0,0.0,0.0,0.0,0.0,0.0,0.0,0.0,0.0,0.0,0.0,0.0,0.0,0.0,0.0
0.9555246829986572,0.29534399509429926,0.033356498926877975,0.006949270144104958,0.05628908798098564,0.11813759803771973,0.13551077246665955,0.15705351531505585,0.1619179993867874,0.16330784559249875,0.1730368286371231,0.1688672751188278,0.17234189808368683,0.17512160539627075,0.15635858476161957,0.16052813827991483,0.17025712132453918,0.1626129299402237,0.1737317591905594,0.1737317591905594,0.1730368286371231,0.17095205187797546,0.17164698243141174,0.19041000306606287,0.187630295753479,0.18971507251262665,0.1959694176912308,0.20222376286983487,0.21473245322704315,0.24044474959373477,0.25156357884407043,0.28283530473709106,0.31619179248809814,0.3509381413459778,0.3981931805610657,0.4496178030967712,0.4871438443660736,0.546212673187256,0.5886031985282898,0.6219596862792969,0.643502414226532,0.6407227516174316,0.601111888885498,0.546212673187256,0.4871438443660736,0.4120917320251465,0.35858234763145447,0.30159834027290344,0.26476719975471497,0.2272411435842514,0.22237664461135864,0.20222376286983487,0.18693536520004272,0.1841556578874588,0.18554551899433133,0.18068103492259976,0.18624044954776764,0.1841556578874588,0.1890201568603516,0.19249479472637177,0.19041000306606287,0.19735927879810333,0.20083391666412356,0.20639333128929135,0.1980542093515396,0.20013898611068723,0.21334259212017057,0.21125781536102292,0.21403752267360687,0.2098679691553116,0.21334259212017057,0.20847810804843905,0.19944405555725095,0.2070882618427277,0.20361362397670743,0.19666434824466705,0.19179986417293549,0.18693536520004272,0.1772063970565796,0.17929117381572723,0.18485058844089508,0.18276581168174744,0.18276581168174744,0.1730368286371231,0.17512160539627075,0.17929117381572723,0.1737317591905594,0.1730368286371231,0.17581653594970703,0.17095205187797546,0.1737317591905594,0.16817234456539154,0.17095205187797546,0.1653926372528076,0.1556636542081833,0.1626129299402237,0.17164698243141174,0.1591382920742035,0.1619179993867874,0.16608756780624387,0.16330784559249875,0.16608756780624387,0.16608756780624387,0.1688672751188278,0.16330784559249875,0.16678248345851898,0.15357887744903564,0.1646977066993713,0.1653926372528076,0.1612230688333511,0.1653926372528076,0.16678248345851898,0.17025712132453918,0.1688672751188278,0.1772063970565796,0.17581653594970703,0.20778317749500275,0.25990271568298334,0.2751910984516144,0.28769978880882263,0.28283530473709106,0.30854761600494385,0.3467685878276825,0.3495483100414276,0.3724808990955353,0.3467685878276825,0.3175816535949707,0.2640722692012787,0.22446143627166748,0.18624044954776764,0.17442668974399567,0.1619179993867874,0.15010423958301544,0.1410701870918274,0.1410701870918274,0.14246004819869995,0.1375955492258072,0.12717165052890775,0.1841556578874588,0.26963168382644653,0.24739402532577515,0.268241822719574,0.7470465898513795,1.0,0.32244613766670227,0.05281445384025574,0.0,0.05837387219071388,0.12022237479686736,0.14315496385097504,0.1514940857887268,0.17234189808368683,0.16400277614593503,0.1688672751188278,0.17025712132453918,0.17581653594970703,0.17929117381572723,0.1834607422351837,0.18068103492259976,0.1799861043691635,0.18693536520004272,0.18971507251262665,0.1841556578874588,0.18971507251262665,0.18485058844089508,0.18207088112831116,0.18624044954776764,0.1945795714855194,0.19179986417293549,0.19666434824466705,0.20847810804843905,0.0,0.0,0.0,0.0,0.0,0.0,0.0,0.0,0.0,0.0,0.0,0.0,0.0,0.0,0.0,0.0,0.0
0.9694656729698179,0.7961832284927368,0.4893129765987396,0.0,0.04656488448381424,0.08702290058135985,0.18549618124961853,0.2694656550884247,0.3091602921485901,0.32290077209472656,0.34580153226852417,0.347328245639801,0.3664122223854065,0.3580152690410614,0.3687022924423218,0.37709924578666687,0.3931297659873962,0.4000000059604645,0.41374045610427856,0.4053435027599335,0.42595419287681574,0.4519084095954895,0.4595419764518738,0.4786259531974792,0.5137404799461365,0.5389313101768494,0.5625954270362854,0.5900763273239136,0.6320610642433168,0.6633588075637816,0.7007633447647095,0.7167938947677612,0.7435114383697509,0.75114506483078,0.767175555229187,0.7312977313995361,0.6992366313934326,0.6587786078453064,0.6175572276115417,0.5610687136650084,0.5045801401138306,0.4770992398262024,0.442748099565506,0.4412213861942291,0.4198473393917084,0.4114503860473633,0.4061068594455719,0.3847328126430512,0.4099236726760864,0.4007633626461029,0.4099236726760864,0.40458014607429504,0.40458014607429504,0.4175572395324707,0.42213740944862366,0.41221374273300165,0.41450381278991694,0.4274809062480927,0.42519083619117737,0.4297710061073303,0.41832059621810913,0.4320610761642456,0.42595419287681574,0.4343511462211609,0.41068702936172485,0.4213740527629852,0.4274809062480927,0.42213740944862366,0.4068702161312103,0.4076336026191712,0.40229007601737976,0.3916030526161194,0.3984732925891876,0.4076336026191712,0.3984732925891876,0.40229007601737976,0.41068702936172485,0.4000000059604645,0.3992366492748261,0.4053435027599335,0.41526716947555536,0.41068702936172485,0.409160315990448,0.3984732925891876,0.41450381278991694,0.4068702161312103,0.4229007661342621,0.4595419764518738,0.5137404799461365,0.5572519302368164,0.5381679534912108,0.5152671933174133,0.6519083976745604,0.6061068773269653,0.5732824206352234,0.5534350872039795,0.5007633566856384,0.4541984796524048,0.4114503860473633,0.3893129825592041,0.39236640930175776,0.38091602921485906,0.3702290058135986,0.3687022924423218,0.3633587658405304,0.3641221225261688,0.3702290058135986,0.35648855566978455,0.32824426889419556,0.5427480936050415,0.6129770874977112,1.0,0.8549618124961853,0.590839684009552,0.0022900763433426614,0.10152671486139296,0.1419847309589386,0.25954198837280273,0.3435114622116089,0.3954198360443115,0.4015267193317413,0.4167938828468322,0.4267175495624542,0.42595419287681574,0.43816792964935297,0.442748099565506,0.44885495305061346,0.4557251930236816,0.47175571322441107,0.4809160232543945,0.48549619317054743,0.4984732866287232,0.5091602802276611,0.0,0.0,0.0,0.0,0.0,0.0,0.0,0.0,0.0,0.0,0.0,0.0,0.0,0.0,0.0,0.0,0.0,0.0,0.0,0.0,0.0,0.0,0.0,0.0,0.0,0.0,0.0,0.0,0.0,0.0,0.0,0.0,0.0,0.0,0.0,0.0,0.0,0.0,0.0,0.0,0.0,0.0,0.0,0.0,0.0,0.0,0.0,0.0,0.0,0.0,0.0,0.0,0.0,0.0,0.0
0.9084033370018003,0.721848726272583,0.353501409292221,0.20756302773952484,0.13781513273715973,0.10672269016504288,0.0714285746216774,0.05854341760277748,0.0481792725622654,0.036134455353021615,0.036974791437387466,0.03277311101555824,0.03977591171860695,0.03865546360611916,0.034173671156167984,0.03585434332489967,0.045658264309167855,0.045098040252923965,0.04789916053414345,0.045098040252923965,0.04621848836541176,0.055182073265314095,0.05546218529343605,0.07282913476228715,0.08319327980279921,0.09747899323701857,0.10588235408067705,0.1028011217713356,0.13921569287776947,0.15994398295879364,0.1725490242242813,0.1834733933210373,0.19019608199596405,0.1921568661928177,0.18907563388347623,0.18123249709606168,0.16722689568996427,0.13865546882152557,0.11120448261499404,0.08151260763406754,0.058263305574655526,0.04341736808419228,0.03165266290307045,0.018487395718693733,0.01960784383118153,0.01876750774681568,0.0235294122248888,0.024369748309254646,0.019327731803059574,0.014285714365541933,0.020168067887425423,0.021568628028035164,0.01876750774681568,0.018207283690571785,0.01512605044990778,0.01736694760620594,0.017086835578083992,0.018207283690571785,0.019327731803059574,0.021568628028035164,0.01904761977493763,0.026050420477986332,0.0319327749311924,0.03669467940926552,0.035574231296777725,0.029691876843571663,0.03025210089981556,0.031092436984181404,0.035574231296777725,0.033893559128046036,0.034173671156167984,0.03473389521241188,0.03025210089981556,0.03333333507180214,0.03585434332489967,0.040616247802972794,0.038935575634241104,0.04173669591546059,0.039215687662363045,0.04649860039353371,0.04425770416855812,0.0470588244497776,0.04957983270287514,0.05182072892785072,0.05406162515282631,0.053221289068460464,0.05238095298409461,0.05714285746216773,0.0470588244497776,0.043697480112314224,0.04117647185921669,0.040336135774850845,0.04285714402794837,0.04201680794358253,0.038935575634241104,0.040336135774850845,0.032492998987436295,0.0319327749311924,0.034173671156167984,0.03473389521241188,0.0313725508749485,0.03585434332489967,0.045098040252923965,0.0481792725622654,0.048459384590387344,0.050140056759119034,0.05434173718094826,0.07759103924036026,0.09383753687143324,0.09131652861833571,0.08235294371843338,0.08683473616838454,0.07787115126848221,0.07282913476228715,0.04229691997170448,0.034173671156167984,0.0235294122248888,0.021288515999913212,0.01736694760620594,0.01036414597183466,0.007282913196831941,0.01036414597183466,0.013725490309298038,0.01876750774681568,0.026050420477986332,0.026330532506108284,0.0,0.007843137718737125,0.16694678366184235,0.2868347465991974,0.4605042040348053,0.7865546345710753,1.0,0.6240896582603456,0.31708684563636774,0.17563025653362274,0.17983193695545197,0.13389356434345245,0.11064425855875017,0.09887955337762833,0.09271708875894545,0.09103641659021376,0.08263305574655533,0.07899159938097,0.07675070315599442,0.07282913476228715,0.07226891070604323,0.07703081518411635,0.08347339183092117,0.0882352963089943,0.09271708875894545,0.09747899323701857,0.10616246610879898,0.11540616303682329,0.11932773143053053,0.12913165986537933,0.14509804546833038,0.15854342281818387,0.0,0.0,0.0,0.0,0.0,0.0,0.0,0.0,0.0,0.0,0.0,0.0,0.0,0.0,0.0,0.0,0.0,0.0,0.0,0.0,0.0,0.0,0.0,0.0,0.0,0.0,0.0,0.0,0.0,0.0
0.9769688248634337,0.8172362446784973,0.41827636957168574,0.17756314575672147,0.0,0.0315750353038311,0.1014115884900093,0.10178305953741072,0.09583952277898787,0.10215453058481216,0.10104011744260788,0.1051262989640236,0.1066121831536293,0.12332838028669356,0.11998514086008072,0.12964338064193723,0.1315007358789444,0.13261514902114868,0.14004456996917725,0.1474739909172058,0.15304605662822723,0.1578751802444458,0.15898959338665009,0.1712481379508972,0.18202079832553864,0.19316492974758148,0.21136701107025144,0.22882615029811856,0.2548291087150574,0.2752600312232971,0.3049777150154114,0.3298662602901459,0.3432392179965973,0.363670140504837,0.3815007507801056,0.3848439753055573,0.3763001561164856,0.35512629151344294,0.32169389724731445,0.29123327136039734,0.25445765256881714,0.2225111424922943,0.19762258231639865,0.1686478406190872,0.14895987510681152,0.13521544635295868,0.1289004385471344,0.12407132238149642,0.12147102504968645,0.12332838028669356,0.118499256670475,0.11367013305425644,0.10884100943803789,0.11181277781724928,0.10438335686922072,0.10884100943803789,0.11404160410165785,0.11255571991205215,0.11664190143346786,0.10772659629583357,0.11441307514905928,0.11292719095945358,0.10846953839063644,0.11181277781724928,0.11441307514905928,0.11441307514905928,0.10698365420103072,0.110698364675045,0.10624071210622787,0.11181277781724928,0.10735512524843216,0.11144130676984786,0.11218424886465073,0.11218424886465073,0.10772659629583357,0.10438335686922072,0.1066121831536293,0.1051262989640236,0.10364041477441788,0.105497770011425,0.10772659629583357,0.1066121831536293,0.1066121831536293,0.1025260016322136,0.10289747267961502,0.10846953839063644,0.10735512524843216,0.10215453058481216,0.1051262989640236,0.10475482791662216,0.10364041477441788,0.10438335686922072,0.10289747267961502,0.1025260016322136,0.10438335686922072,0.10438335686922072,0.10884100943803789,0.1025260016322136,0.10326894372701644,0.11998514086008072,0.1329866200685501,0.15044575929641724,0.1738484352827072,0.2080237716436386,0.21916790306568143,0.23662704229354856,0.24145616590976715,0.22659732401371,0.19613669812679288,0.19316492974758148,0.17273402214050293,0.11627043038606644,0.09249628335237504,0.08358097821474075,0.08246656507253648,0.07652302831411362,0.07578008621931075,0.06983654946088791,0.03714710101485252,0.08246656507253648,0.2830609083175659,0.737741470336914,1.0,0.825408637523651,0.46396732330322266,0.21768201887607572,0.021545318886637688,0.0256315004080534,0.07466567307710646,0.09881129115819932,0.10178305953741072,0.10066864639520644,0.1092124804854393,0.108098067343235,0.11367013305425644,0.11738484352827072,0.12221396714448927,0.12592867016792297,0.13224367797374725,0.1355869174003601,0.1422733962535858,0.14413075149059296,0.14933134615421295,0.15453194081783295,0.16790489852428436,0.17533431947231293,0.1894502192735672,0.2024517059326172,0.2158246636390686,0.23142644762992856,0.25742942094802856,0.2826894521713257,0.31352153420448303,0.34026744961738586,0.0,0.0,0.0,0.0,0.0,0.0,0.0,0.0,0.0,0.0,0.0,0.0,0.0,0.0,0.0,0.0,0.0,0.0,0.0,0.0,0.0,0.0,0.0,0.0,0.0,0.0,0.0,0.0,0.0,0.0,0.0,0.0,0.0,0.0
1.0,0.8749222159385681,0.41256999969482416,0.1505911648273468,0.0,0.13690105080604553,0.25077784061431885,0.2781580686569214,0.28749221563339233,0.3186061084270477,0.32669571042060846,0.337274432182312,0.33478531241416926,0.3466085791587829,0.3553204834461212,0.3621655404567719,0.3602986931800842,0.3590541481971741,0.3833229541778565,0.3920348584651947,0.41505911946296686,0.42314872145652765,0.43808338046073914,0.4598630964756012,0.4878655970096588,0.5370255112648009,0.5693839192390442,0.5948973298072815,0.6228998303413391,0.643435001373291,0.6565027832984924,0.6751711368560791,0.6633478403091431,0.643435001373291,0.5899190902709961,0.5382700562477112,0.4922215342521667,0.4499066472053528,0.40261358022689814,0.3870566189289093,0.37025514245033264,0.35220909118652344,0.3484754264354706,0.342252641916275,0.34474176168441767,0.3509645164012909,0.3459863066673279,0.3434971868991852,0.33416303992271423,0.342252641916275,0.33851897716522217,0.3484754264354706,0.3397635221481323,0.34100809693336487,0.3354075849056244,0.34474176168441767,0.3584318459033966,0.35158681869506836,0.3584318459033966,0.3553204834461212,0.3428749144077301,0.3354075849056244,0.34100809693336487,0.3428749144077301,0.3428749144077301,0.3397635221481323,0.3254511654376984,0.3360298573970794,0.3329184949398041,0.33478531241416926,0.33665215969085693,0.3273179829120636,0.33167392015457153,0.3279402554035187,0.32296204566955566,0.33665215969085693,0.3273179829120636,0.3117610514163971,0.3148724436759949,0.3217175006866455,0.32109519839286804,0.3254511654376984,0.3279402554035187,0.3198506534099579,0.3248288631439209,0.3217175006866455,0.32296204566955566,0.32047292590141296,0.3304293751716614,0.3553204834461212,0.38518980145454407,0.39327940344810486,0.4075917899608612,0.4219041764736176,0.46421903371810913,0.46110764145851135,0.47044181823730474,0.436838835477829,0.3995021879673004,0.3746110796928406,0.32296204566955566,0.31611698865890503,0.3173615336418152,0.3061605393886566,0.3061605393886566,0.311138778924942,0.31362786889076233,0.30491599440574646,0.30802738666534424,0.3733665347099304,0.4499066472053528,0.5196017622947693,0.7990043759346008,0.9346608519554137,0.6776602268218994,0.36403235793113703,0.15432482957839963,0.05849408730864525,0.24019913375377652,0.29993778467178345,0.3098942041397095,0.33167392015457153,0.3546981811523437,0.3665214776992798,0.3733665347099304,0.37647789716720576,0.3839452266693115,0.3808338642120361,0.39079028367996216,0.39701306819915766,0.3926571309566498,0.4175482392311096,0.4312383234500885,0.4399502277374268,0.44679528474807734,0.46670815348625183,0.0,0.0,0.0,0.0,0.0,0.0,0.0,0.0,0.0,0.0,0.0,0.0,0.0,0.0,0.0,0.0,0.0,0.0,0.0,0.0,0.0,0.0,0.0,0.0,0.0,0.0,0.0,0.0,0.0,0.0,0.0,0.0,0.0,0.0,0.0,0.0,0.0,0.0,0.0,0.0,0.0,0.0,0.0,0.0,0.0,0.0,0.0,0.0,0.0,0.0,0.0,0.0
